{
    "$schema": "https://playground.wordpress.net/blueprint-schema.json",
    "login": true,
    "siteOptions": {
        "blogname": "My WordPress Website"
    },
    "steps": [
        {
            "step": "setSiteLanguage",
            "language": "de_AT"
        },
        {
            "step": "installPlugin",
            "pluginData": {
                "resource": "bundled",
                "path": "/blueprintcreator-1765412035.zip"
            },
            "options": {
                "activate": true
            }
        },
        {
            "step": "unzip",
            "zipFile": {
                "resource": "bundled",
                "path": "/media-1765412021.zip"
            },
            "extractToPath": "/wordpress/wp-content/uploads/import"
        },
        {
            "step": "runPHP",
            "code": "<?php\n// Import media files from uploads/import directory\n$import_dir = WP_CONTENT_DIR . '/uploads/import/';\n$media_info_file = $import_dir . 'media-info.json';\n\nif (file_exists($media_info_file)) {\n    $media_info = json_decode(file_get_contents($media_info_file), true);\n    \n    if (!function_exists('wp_insert_attachment')) {\n        require_once(ABSPATH . 'wp-admin/includes/image.php');\n        require_once(ABSPATH . 'wp-admin/includes/file.php');\n        require_once(ABSPATH . 'wp-admin/includes/media.php');\n    }\n    \n    $upload_dir = wp_upload_dir();\n    \n    foreach ($media_info as $media) {\n        $file_path = $import_dir . $media['file'];\n        \n        if (!file_exists($file_path)) {\n            continue;\n        }\n        \n        // Move file to proper uploads location\n        $target_path = $upload_dir['basedir'] . '/' . $media['file'];\n        $target_dir = dirname($target_path);\n        \n        if (!file_exists($target_dir)) {\n            wp_mkdir_p($target_dir);\n        }\n        \n        // Copy file to target location\n        copy($file_path, $target_path);\n        \n        // Insert attachment\n        $attachment = [\n            'post_mime_type' => $media['mime_type'],\n            'post_title' => $media['title'],\n            'post_content' => $media['description'],\n            'post_excerpt' => $media['caption'],\n            'post_status' => 'inherit'\n        ];\n        \n        $attach_id = wp_insert_attachment($attachment, $target_path);\n        \n        if ($attach_id) {\n            // Generate attachment metadata\n            $attach_data = wp_generate_attachment_metadata($attach_id, $target_path);\n            wp_update_attachment_metadata($attach_id, $attach_data);\n            \n            // Set alt text\n            if (!empty($media['alt'])) {\n                update_post_meta($attach_id, '_wp_attachment_image_alt', $media['alt']);\n            }\n        }\n    }\n    \n    // Clean up import directory\n    function delete_import_dir($dir) {\n        if (!file_exists($dir)) return;\n        \n        $files = array_diff(scandir($dir), ['.', '..']);\n        foreach ($files as $file) {\n            $path = $dir . '/' . $file;\n            is_dir($path) ? delete_import_dir($path) : unlink($path);\n        }\n        rmdir($dir);\n    }\n    \n    delete_import_dir($import_dir);\n}\n?>"
        }
    ]
}