<?xml version="1.0" encoding="UTF-8"?>
<rss version="2.0"
	xmlns:excerpt="http://wordpress.org/export/1.2/excerpt/"
	xmlns:content="http://purl.org/rss/1.0/modules/content/"
	xmlns:wfw="http://wellformedweb.org/CommentAPI/"
	xmlns:dc="http://purl.org/dc/elements/1.1/"
	xmlns:wp="http://wordpress.org/export/1.2/"
>
<channel>
	<title>My WordPress Website</title>
	<link>http://localhost:8881</link>
	<description></description>
	<pubDate>Sat, 13 Dec 2025 05:51:16 +0000</pubDate>
	<language>de-AT</language>
	<wp:wxr_version>1.2</wp:wxr_version>
	<wp:base_site_url>http://localhost:8881</wp:base_site_url>
	<wp:base_blog_url>http://localhost:8881</wp:base_blog_url>

	<item>
		<title>Herbstwanderung Wienerwald</title>
		<link>http://localhost:8881/herbstwanderung-wienerwald/</link>
		<pubDate>Do, 16 Okt 2025 12:00:00 +0000</pubDate>
		<dc:creator>admin</dc:creator>
		<guid isPermaLink="false">http://localhost:8881/herbstwanderung-wienerwald/</guid>
		<description></description>
		<content:encoded><![CDATA[
<h2 class="wp-block-heading">Herbstwanderung Wienerwald</h2>



<p>Herbstwanderung Wienerwald Datum: 10.10.2025</p>



<p>Ein schöner Tag mit vielen Erlebnissen und tollen Eindrücken. Das Wetter war perfekt und alle Teilnehmer hatten viel Spaß bei unserer Aktivität.</p>



<h3 class="wp-block-heading">Fotogalerie</h3>



<figure class="wp-block-gallery has-nested-images columns-3 is-cropped wp-block-gallery-1 is-layout-flex wp-block-gallery-is-layout-flex">

<figure class="wp-block-image size-large"><a href="http://localhost/wp-content/uploads/2024/12/DSC_0207.jpg"><img decoding="async" data-id="101" src="http://localhost/wp-content/uploads/2024/12/DSC_0207.jpg" alt="" class="wp-image-101"/></a></figure>



<figure class="wp-block-image size-large"><a href="http://localhost/wp-content/uploads/2024/12/DSC_0219.jpg"><img decoding="async" data-id="102" src="http://localhost/wp-content/uploads/2024/12/DSC_0219.jpg" alt="" class="wp-image-102"/></a></figure>



<figure class="wp-block-image size-large"><a href="http://localhost/wp-content/uploads/2024/12/DSC_0220.jpg"><img decoding="async" data-id="103" src="http://localhost/wp-content/uploads/2024/12/DSC_0220.jpg" alt="" class="wp-image-103"/></a></figure>



<figure class="wp-block-image size-large"><a href="http://localhost/wp-content/uploads/2024/12/DSC_0221.jpg"><img decoding="async" data-id="104" src="http://localhost/wp-content/uploads/2024/12/DSC_0221.jpg" alt="" class="wp-image-104"/></a></figure>

</figure>
]]></content:encoded>
		<excerpt:encoded><![CDATA[]]></excerpt:encoded>

		<wp:post_id>666</wp:post_id>
		<wp:post_date>2025-10-16 12:00:00</wp:post_date>
		<wp:post_date_gmt>2025-10-16 12:00:00</wp:post_date_gmt>
		<wp:comment_status>open</wp:comment_status>
		<wp:ping_status>open</wp:ping_status>
		<wp:post_name>herbstwanderung-wienerwald</wp:post_name>
		<wp:status>publish</wp:status>
		<wp:post_parent>0</wp:post_parent>
		<wp:menu_order>0</wp:menu_order>
		<wp:post_type>post</wp:post_type>
		<wp:post_password></wp:post_password>
		<wp:is_sticky>0</wp:is_sticky>

		<category domain="category" nicename="uncategorized">Uncategorized</category>
	</item>
	<item>
		<title>test2</title>
		<link>http://localhost:8881/blogs/test2/</link>
		<pubDate>Mi, 26 Nov 2025 19:29:12 +0000</pubDate>
		<dc:creator>admin</dc:creator>
		<guid isPermaLink="false">http://localhost:8881/blogs/test2/</guid>
		<description></description>
		<content:encoded><![CDATA[<nav class="is-responsive wp-block-navigation is-layout-flex wp-block-navigation-is-layout-flex" aria-label="Menü 2" 
		 data-wp-interactive="core/navigation" data-wp-context='{"overlayOpenedBy":{"click":false,"hover":false,"focus":false},"type":"overlay","roleAttribute":"","ariaLabel":"Men\u00fc"}'><button aria-haspopup="dialog" aria-label="Menü öffnen" class="wp-block-navigation__responsive-container-open" 
				data-wp-on--click="actions.openMenuOnClick"
				data-wp-on--keydown="actions.handleMenuKeydown"
			><svg width="24" height="24" xmlns="http://www.w3.org/2000/svg" viewBox="0 0 24 24" aria-hidden="true" focusable="false"><path d="M4 7.5h16v1.5H4z"></path><path d="M4 15h16v1.5H4z"></path></svg></button>
				<div class="wp-block-navigation__responsive-container"  id="modal-2" 
				data-wp-class--has-modal-open="state.isMenuOpen"
				data-wp-class--is-menu-open="state.isMenuOpen"
				data-wp-watch="callbacks.initMenu"
				data-wp-on--keydown="actions.handleMenuKeydown"
				data-wp-on--focusout="actions.handleMenuFocusout"
				tabindex="-1"
			>
					<div class="wp-block-navigation__responsive-close" tabindex="-1">
						<div class="wp-block-navigation__responsive-dialog" 
				data-wp-bind--aria-modal="state.ariaModal"
				data-wp-bind--aria-label="state.ariaLabel"
				data-wp-bind--role="state.roleAttribute"
			>
							<button aria-label="Menü schließen" class="wp-block-navigation__responsive-container-close" 
				data-wp-on--click="actions.closeMenuOnClick"
			><svg xmlns="http://www.w3.org/2000/svg" viewBox="0 0 24 24" width="24" height="24" aria-hidden="true" focusable="false"><path d="m13.06 12 6.47-6.47-1.06-1.06L12 10.94 5.53 4.47 4.47 5.53 10.94 12l-6.47 6.47 1.06 1.06L12 13.06l6.47 6.47 1.06-1.06L13.06 12Z"></path></svg></button>
							<div class="wp-block-navigation__responsive-container-content" 
				data-wp-watch="callbacks.focusFirstElement"
			 id="modal-2-content">
								<ul class="wp-block-navigation__container is-responsive wp-block-navigation"><li class=" wp-block-navigation-item wp-block-navigation-link"><a class="wp-block-navigation-item__content"  href="http://localhost:8881/blog/"><span class="wp-block-navigation-item__label">blog</span></a></li><li class=" wp-block-navigation-item wp-block-navigation-link"><a class="wp-block-navigation-item__content"  href="http://localhost:8881/category/aa/"><span class="wp-block-navigation-item__label">aa</span></a></li></ul>
							</div>
						</div>
					</div>
				</div></nav>

<nav class="is-responsive wp-block-navigation is-layout-flex wp-block-navigation-is-layout-flex" aria-label="Menü 3" 
		 data-wp-interactive="core/navigation" data-wp-context='{"overlayOpenedBy":{"click":false,"hover":false,"focus":false},"type":"overlay","roleAttribute":"","ariaLabel":"Men\u00fc"}'><button aria-haspopup="dialog" aria-label="Menü öffnen" class="wp-block-navigation__responsive-container-open" 
				data-wp-on--click="actions.openMenuOnClick"
				data-wp-on--keydown="actions.handleMenuKeydown"
			><svg width="24" height="24" xmlns="http://www.w3.org/2000/svg" viewBox="0 0 24 24" aria-hidden="true" focusable="false"><path d="M4 7.5h16v1.5H4z"></path><path d="M4 15h16v1.5H4z"></path></svg></button>
				<div class="wp-block-navigation__responsive-container"  id="modal-3" 
				data-wp-class--has-modal-open="state.isMenuOpen"
				data-wp-class--is-menu-open="state.isMenuOpen"
				data-wp-watch="callbacks.initMenu"
				data-wp-on--keydown="actions.handleMenuKeydown"
				data-wp-on--focusout="actions.handleMenuFocusout"
				tabindex="-1"
			>
					<div class="wp-block-navigation__responsive-close" tabindex="-1">
						<div class="wp-block-navigation__responsive-dialog" 
				data-wp-bind--aria-modal="state.ariaModal"
				data-wp-bind--aria-label="state.ariaLabel"
				data-wp-bind--role="state.roleAttribute"
			>
							<button aria-label="Menü schließen" class="wp-block-navigation__responsive-container-close" 
				data-wp-on--click="actions.closeMenuOnClick"
			><svg xmlns="http://www.w3.org/2000/svg" viewBox="0 0 24 24" width="24" height="24" aria-hidden="true" focusable="false"><path d="m13.06 12 6.47-6.47-1.06-1.06L12 10.94 5.53 4.47 4.47 5.53 10.94 12l-6.47 6.47 1.06 1.06L12 13.06l6.47 6.47 1.06-1.06L13.06 12Z"></path></svg></button>
							<div class="wp-block-navigation__responsive-container-content" 
				data-wp-watch="callbacks.focusFirstElement"
			 id="modal-3-content">
								<ul class="wp-block-navigation__container is-responsive wp-block-navigation"><li class=" wp-block-navigation-item wp-block-navigation-link"><a class="wp-block-navigation-item__content"  href="http://localhost:8881/faqblock/"><span class="wp-block-navigation-item__label">faqblock</span></a></li><li class=" wp-block-navigation-item wp-block-navigation-link"><a class="wp-block-navigation-item__content"  href="http://localhost:8881/category/bb/"><span class="wp-block-navigation-item__label">bb</span></a></li><li class=" wp-block-navigation-item wp-block-navigation-link"><a class="wp-block-navigation-item__content"  href="http://localhost:8881/berg/"><span class="wp-block-navigation-item__label">berg</span></a></li><li class=" wp-block-navigation-item wp-block-navigation-link"><a class="wp-block-navigation-item__content"  href="http://localhost:8881/blog/"><span class="wp-block-navigation-item__label">blog</span></a></li><li class=" wp-block-navigation-item wp-block-navigation-link"><a class="wp-block-navigation-item__content"  href="http://localhost:8881/wp-admin/post-new.php?post_type=post"><span class="wp-block-navigation-item__label">NEUERPOST ✏️</span></a></li><li class=" wp-block-navigation-item wp-block-navigation-link"><a class="wp-block-navigation-item__content"  href="http://localhost:8881/tour/"><span class="wp-block-navigation-item__label">Touren (Archiv)</span></a></li></ul>
							</div>
						</div>
					</div>
				</div></nav>


<p>sdfsadfa</p>
]]></content:encoded>
		<excerpt:encoded><![CDATA[]]></excerpt:encoded>

		<wp:post_id>457</wp:post_id>
		<wp:post_date>2025-11-26 19:29:12</wp:post_date>
		<wp:post_date_gmt>2025-11-26 19:29:12</wp:post_date_gmt>
		<wp:comment_status>closed</wp:comment_status>
		<wp:ping_status>closed</wp:ping_status>
		<wp:post_name>test2</wp:post_name>
		<wp:status>publish</wp:status>
		<wp:post_parent>184</wp:post_parent>
		<wp:menu_order>0</wp:menu_order>
		<wp:post_type>page</wp:post_type>
		<wp:post_password></wp:post_password>
		<wp:is_sticky>0</wp:is_sticky>

		<wp:postmeta>
			<wp:meta_key>classic-editor-remember</wp:meta_key>
			<wp:meta_value><![CDATA[block-editor]]></wp:meta_value>
		</wp:postmeta>
		<wp:postmeta>
			<wp:meta_key>_edit_lock</wp:meta_key>
			<wp:meta_value><![CDATA[1764188294:1]]></wp:meta_value>
		</wp:postmeta>
		<wp:postmeta>
			<wp:meta_key>_edit_last</wp:meta_key>
			<wp:meta_value><![CDATA[1]]></wp:meta_value>
		</wp:postmeta>
		<wp:postmeta>
			<wp:meta_key>_wp_page_template</wp:meta_key>
			<wp:meta_value><![CDATA[default]]></wp:meta_value>
		</wp:postmeta>
	</item>
	<item>
		<title>tour6</title>
		<link>http://localhost:8881/tour/627/</link>
		<pubDate>Mo, 01 Dez 2025 22:16:46 +0000</pubDate>
		<dc:creator>admin</dc:creator>
		<guid isPermaLink="false">http://localhost:8881/tour/627/</guid>
		<description></description>
		<content:encoded><![CDATA[
<p></p>



<h3 class="wp-block-heading"></h3>



<p></p>



<figure class="wp-block-gallery has-nested-images columns-3 is-cropped wp-block-gallery-4 is-layout-flex wp-block-gallery-is-layout-flex"></figure>



<p></p>


    <div class="gpx-download-block">
                    <div id="gpx-map-693cfed463da8" class="gpx-map-preview" style="height: 300px; margin-bottom: 15px;"></div>
                
                <div class="gpx-file-info">
            <div class="gpx-file-details">
                <span class="dashicons dashicons-location-alt"></span>
                <div class="gpx-file-meta">
                    <strong>Tour-430001274o</strong>
                                            <small>333 kB</small>
                                    </div>
            </div>
        </div>
                
        <a href="http://localhost:8881/wp-content/uploads/2025/11/Tour-430001274o-1.gpx" class="gpx-download-button" download>
            <span class="dashicons dashicons-download"></span>
            <span>GPX-Datei herunterladen</span>
        </a>
    </div>
    


<p></p>
]]></content:encoded>
		<excerpt:encoded><![CDATA[]]></excerpt:encoded>

		<wp:post_id>627</wp:post_id>
		<wp:post_date>2025-12-01 22:16:46</wp:post_date>
		<wp:post_date_gmt>2025-12-01 22:16:46</wp:post_date_gmt>
		<wp:comment_status>open</wp:comment_status>
		<wp:ping_status>closed</wp:ping_status>
		<wp:post_name>627</wp:post_name>
		<wp:status>publish</wp:status>
		<wp:post_parent>0</wp:post_parent>
		<wp:menu_order>0</wp:menu_order>
		<wp:post_type>tour</wp:post_type>
		<wp:post_password></wp:post_password>
		<wp:is_sticky>0</wp:is_sticky>

		<wp:postmeta>
			<wp:meta_key>_edit_lock</wp:meta_key>
			<wp:meta_value><![CDATA[1764761682:1]]></wp:meta_value>
		</wp:postmeta>
		<wp:postmeta>
			<wp:meta_key>classic-editor-remember</wp:meta_key>
			<wp:meta_value><![CDATA[block-editor]]></wp:meta_value>
		</wp:postmeta>
		<wp:postmeta>
			<wp:meta_key>_edit_last</wp:meta_key>
			<wp:meta_value><![CDATA[1]]></wp:meta_value>
		</wp:postmeta>
		<wp:postmeta>
			<wp:meta_key>_wp_page_template</wp:meta_key>
			<wp:meta_value><![CDATA[default]]></wp:meta_value>
		</wp:postmeta>
		<wp:postmeta>
			<wp:meta_key>_mel_protected</wp:meta_key>
			<wp:meta_value><![CDATA[0]]></wp:meta_value>
		</wp:postmeta>
		<wp:postmeta>
			<wp:meta_key>_mel_allowed_roles</wp:meta_key>
			<wp:meta_value><![CDATA[a:6:{i:0;s:13:"administrator";i:1;s:6:"editor";i:2;s:6:"author";i:3;s:11:"contributor";i:4;s:10:"subscriber";i:5;s:8:"mitglied";}]]></wp:meta_value>
		</wp:postmeta>
	</item>
</channel>
</rss>
