<?xml version="1.0" encoding="UTF-8"?>
<rss version="2.0"
	xmlns:excerpt="http://wordpress.org/export/1.2/excerpt/"
	xmlns:content="http://purl.org/rss/1.0/modules/content/"
	xmlns:wfw="http://wellformedweb.org/CommentAPI/"
	xmlns:dc="http://purl.org/dc/elements/1.1/"
	xmlns:wp="http://wordpress.org/export/1.2/"
>
<channel>
	<title>My WordPress Website</title>
	<link>http://localhost:8881</link>
	<description></description>
	<pubDate>Sat, 13 Dec 2025 19:49:21 +0000</pubDate>
	<language>de-AT</language>
	<wp:wxr_version>1.2</wp:wxr_version>
	<wp:base_site_url>http://localhost:8881</wp:base_site_url>
	<wp:base_blog_url>http://localhost:8881</wp:base_blog_url>

	<item>
		<title>Neuer Post</title>
		<link>http://localhost:8881/neuer-post/</link>
		<pubDate>So, 30 Nov 2025 22:57:22 +0000</pubDate>
		<dc:creator>admin</dc:creator>
		<guid isPermaLink="false">http://localhost:8881/neuer-post/</guid>
		<description></description>
		<content:encoded><![CDATA[]]></content:encoded>
		<excerpt:encoded><![CDATA[]]></excerpt:encoded>

		<wp:post_id>585</wp:post_id>
		<wp:post_date>2025-11-30 22:57:22</wp:post_date>
		<wp:post_date_gmt>2025-11-30 22:57:22</wp:post_date_gmt>
		<wp:comment_status>open</wp:comment_status>
		<wp:ping_status>open</wp:ping_status>
		<wp:post_name>neuer-post</wp:post_name>
		<wp:status>publish</wp:status>
		<wp:post_parent>0</wp:post_parent>
		<wp:menu_order>0</wp:menu_order>
		<wp:post_type>post</wp:post_type>
		<wp:post_password></wp:post_password>
		<wp:is_sticky>0</wp:is_sticky>

		<category domain="category" nicename="uncategorized">Uncategorized</category>
		<wp:postmeta>
			<wp:meta_key>classic-editor-remember</wp:meta_key>
			<wp:meta_value><![CDATA[classic-editor]]></wp:meta_value>
		</wp:postmeta>
		<wp:postmeta>
			<wp:meta_key>_edit_lock</wp:meta_key>
			<wp:meta_value><![CDATA[1764798799:1]]></wp:meta_value>
		</wp:postmeta>
		<wp:postmeta>
			<wp:meta_key>_edit_last</wp:meta_key>
			<wp:meta_value><![CDATA[1]]></wp:meta_value>
		</wp:postmeta>
		<wp:postmeta>
			<wp:meta_key>_wp_page_template</wp:meta_key>
			<wp:meta_value><![CDATA[default]]></wp:meta_value>
		</wp:postmeta>
		<wp:postmeta>
			<wp:meta_key>_gpx2_file_id</wp:meta_key>
			<wp:meta_value><![CDATA[]]></wp:meta_value>
		</wp:postmeta>
	</item>
	<item>
		<title>franzgpx</title>
		<link>http://localhost:8881/franzgpx/</link>
		<pubDate>So, 30 Nov 2025 10:22:39 +0000</pubDate>
		<dc:creator>admin</dc:creator>
		<guid isPermaLink="false">http://localhost:8881/franzgpx/</guid>
		<description></description>
		<content:encoded><![CDATA[]]></content:encoded>
		<excerpt:encoded><![CDATA[]]></excerpt:encoded>

		<wp:post_id>560</wp:post_id>
		<wp:post_date>2025-11-30 10:22:39</wp:post_date>
		<wp:post_date_gmt>2025-11-30 10:22:39</wp:post_date_gmt>
		<wp:comment_status>open</wp:comment_status>
		<wp:ping_status>open</wp:ping_status>
		<wp:post_name>franzgpx</wp:post_name>
		<wp:status>publish</wp:status>
		<wp:post_parent>0</wp:post_parent>
		<wp:menu_order>0</wp:menu_order>
		<wp:post_type>post</wp:post_type>
		<wp:post_password></wp:post_password>
		<wp:is_sticky>0</wp:is_sticky>

		<category domain="category" nicename="uncategorized">Uncategorized</category>
		<wp:postmeta>
			<wp:meta_key>classic-editor-remember</wp:meta_key>
			<wp:meta_value><![CDATA[classic-editor]]></wp:meta_value>
		</wp:postmeta>
		<wp:postmeta>
			<wp:meta_key>_edit_lock</wp:meta_key>
			<wp:meta_value><![CDATA[1764701286:1]]></wp:meta_value>
		</wp:postmeta>
		<wp:postmeta>
			<wp:meta_key>_edit_last</wp:meta_key>
			<wp:meta_value><![CDATA[1]]></wp:meta_value>
		</wp:postmeta>
		<wp:postmeta>
			<wp:meta_key>_wp_page_template</wp:meta_key>
			<wp:meta_value><![CDATA[default]]></wp:meta_value>
		</wp:postmeta>
		<wp:postmeta>
			<wp:meta_key>_gpx2_file_id</wp:meta_key>
			<wp:meta_value><![CDATA[617]]></wp:meta_value>
		</wp:postmeta>
		<wp:postmeta>
			<wp:meta_key>_mel_protected</wp:meta_key>
			<wp:meta_value><![CDATA[0]]></wp:meta_value>
		</wp:postmeta>
		<wp:postmeta>
			<wp:meta_key>_mel_allowed_roles</wp:meta_key>
			<wp:meta_value><![CDATA[a:6:{i:0;s:13:"administrator";i:1;s:6:"editor";i:2;s:6:"author";i:3;s:11:"contributor";i:4;s:10:"subscriber";i:5;s:8:"mitglied";}]]></wp:meta_value>
		</wp:postmeta>
	</item>
	<item>
		<title>franz</title>
		<link>http://localhost:8881/wp-content/uploads/2025/11/franz.gpx</link>
		<pubDate>Sun, 30 Nov 2025 10:22:21 +0000</pubDate>
		<dc:creator>admin</dc:creator>
		<guid isPermaLink="false">http://localhost:8881/wp-content/uploads/2025/11/franz.gpx</guid>
		<description></description>
		<content:encoded><![CDATA[]]></content:encoded>
		<excerpt:encoded><![CDATA[]]></excerpt:encoded>

		<wp:post_id>561</wp:post_id>
		<wp:post_date>2025-11-30 10:22:21</wp:post_date>
		<wp:post_date_gmt>2025-11-30 10:22:21</wp:post_date_gmt>
		<wp:comment_status>closed</wp:comment_status>
		<wp:ping_status>closed</wp:ping_status>
		<wp:post_name>franz</wp:post_name>
		<wp:status>inherit</wp:status>
		<wp:post_parent>560</wp:post_parent>
		<wp:menu_order>0</wp:menu_order>
		<wp:post_type>attachment</wp:post_type>
		<wp:attachment_url>http://localhost:8881/wp-content/uploads/2025/11/franz.gpx</wp:attachment_url>
	</item>
	<item>
		<title>Categories</title>
		<link>http://localhost:8881/events/categories/</link>
		<pubDate>So, 07 Dez 2025 18:24:01 +0000</pubDate>
		<dc:creator>admin</dc:creator>
		<guid isPermaLink="false">http://localhost:8881/events/categories/</guid>
		<description></description>
		<content:encoded><![CDATA[<p>CONTENTS</p>
]]></content:encoded>
		<excerpt:encoded><![CDATA[]]></excerpt:encoded>

		<wp:post_id>688</wp:post_id>
		<wp:post_date>2025-12-07 18:24:01</wp:post_date>
		<wp:post_date_gmt>2025-12-07 18:24:01</wp:post_date_gmt>
		<wp:comment_status>closed</wp:comment_status>
		<wp:ping_status>open</wp:ping_status>
		<wp:post_name>categories</wp:post_name>
		<wp:status>publish</wp:status>
		<wp:post_parent>686</wp:post_parent>
		<wp:menu_order>0</wp:menu_order>
		<wp:post_type>page</wp:post_type>
		<wp:post_password></wp:post_password>
		<wp:is_sticky>0</wp:is_sticky>

	</item>
	<item>
		<title>Locations</title>
		<link>http://localhost:8881/events/locations/</link>
		<pubDate>So, 07 Dez 2025 18:24:01 +0000</pubDate>
		<dc:creator>admin</dc:creator>
		<guid isPermaLink="false">http://localhost:8881/events/locations/</guid>
		<description></description>
		<content:encoded><![CDATA[<p>CONTENTS</p>
]]></content:encoded>
		<excerpt:encoded><![CDATA[]]></excerpt:encoded>

		<wp:post_id>687</wp:post_id>
		<wp:post_date>2025-12-07 18:24:01</wp:post_date>
		<wp:post_date_gmt>2025-12-07 18:24:01</wp:post_date_gmt>
		<wp:comment_status>closed</wp:comment_status>
		<wp:ping_status>open</wp:ping_status>
		<wp:post_name>locations</wp:post_name>
		<wp:status>publish</wp:status>
		<wp:post_parent>686</wp:post_parent>
		<wp:menu_order>0</wp:menu_order>
		<wp:post_type>page</wp:post_type>
		<wp:post_password></wp:post_password>
		<wp:is_sticky>0</wp:is_sticky>

	</item>
	<item>
		<title></title>
		<link>http://localhost:8881/?post_type=tour&#038;p=716</link>
		<pubDate>Mi, 10 Dez 2025 15:57:51 +0000</pubDate>
		<dc:creator>admin</dc:creator>
		<guid isPermaLink="false">http://localhost:8881/?post_type=tour&amp;p=716</guid>
		<description></description>
		<content:encoded><![CDATA[
<p>sdfsfdsf</p>



<h3 class="wp-block-heading">cxyxc</h3>



<p></p>



<figure class="wp-block-gallery has-nested-images columns-3 is-cropped wp-block-gallery-1 is-layout-flex wp-block-gallery-is-layout-flex"></figure>



<p></p>





<p></p>
]]></content:encoded>
		<excerpt:encoded><![CDATA[]]></excerpt:encoded>

		<wp:post_id>716</wp:post_id>
		<wp:post_date>2025-12-10 15:57:51</wp:post_date>
		<wp:post_date_gmt>2025-12-10 15:57:51</wp:post_date_gmt>
		<wp:comment_status>open</wp:comment_status>
		<wp:ping_status>closed</wp:ping_status>
		<wp:post_name></wp:post_name>
		<wp:status>draft</wp:status>
		<wp:post_parent>0</wp:post_parent>
		<wp:menu_order>0</wp:menu_order>
		<wp:post_type>tour</wp:post_type>
		<wp:post_password></wp:post_password>
		<wp:is_sticky>0</wp:is_sticky>

		<wp:postmeta>
			<wp:meta_key>_edit_lock</wp:meta_key>
			<wp:meta_value><![CDATA[1765382421:1]]></wp:meta_value>
		</wp:postmeta>
		<wp:postmeta>
			<wp:meta_key>classic-editor-remember</wp:meta_key>
			<wp:meta_value><![CDATA[block-editor]]></wp:meta_value>
		</wp:postmeta>
	</item>
	<item>
		<title></title>
		<link>http://localhost:8881/tour/705/</link>
		<pubDate>Di, 09 Dez 2025 22:22:56 +0000</pubDate>
		<dc:creator>admin</dc:creator>
		<guid isPermaLink="false">http://localhost:8881/tour/705/</guid>
		<description></description>
		<content:encoded><![CDATA[
<p></p>



<h3 class="wp-block-heading"></h3>



<p></p>



<figure class="wp-block-gallery has-nested-images columns-3 is-cropped wp-block-gallery-2 is-layout-flex wp-block-gallery-is-layout-flex"></figure>



<p></p>


    <div class="gpx-download-block">
                    <div id="gpx-map-693dc341da818" class="gpx-map-preview" style="height: 300px; margin-bottom: 15px;"></div>
                
                <div class="gpx-file-info">
            <div class="gpx-file-details">
                <span class="dashicons dashicons-location-alt"></span>
                <div class="gpx-file-meta">
                    <strong>franz</strong>
                                            <small>2 MB</small>
                                    </div>
            </div>
        </div>
                
        <a href="http://localhost:8881/wp-content/uploads/2025/12/franz-1.gpx" class="gpx-download-button" download>
            <span class="dashicons dashicons-download"></span>
            <span>GPX-Datei herunterladen</span>
        </a>
    </div>
    


<p></p>
]]></content:encoded>
		<excerpt:encoded><![CDATA[]]></excerpt:encoded>

		<wp:post_id>705</wp:post_id>
		<wp:post_date>2025-12-09 22:22:56</wp:post_date>
		<wp:post_date_gmt>2025-12-09 22:22:56</wp:post_date_gmt>
		<wp:comment_status>open</wp:comment_status>
		<wp:ping_status>closed</wp:ping_status>
		<wp:post_name>705</wp:post_name>
		<wp:status>publish</wp:status>
		<wp:post_parent>0</wp:post_parent>
		<wp:menu_order>0</wp:menu_order>
		<wp:post_type>tour</wp:post_type>
		<wp:post_password></wp:post_password>
		<wp:is_sticky>0</wp:is_sticky>

		<wp:postmeta>
			<wp:meta_key>_edit_lock</wp:meta_key>
			<wp:meta_value><![CDATA[1765358629:1]]></wp:meta_value>
		</wp:postmeta>
		<wp:postmeta>
			<wp:meta_key>classic-editor-remember</wp:meta_key>
			<wp:meta_value><![CDATA[block-editor]]></wp:meta_value>
		</wp:postmeta>
		<wp:postmeta>
			<wp:meta_key>_edit_last</wp:meta_key>
			<wp:meta_value><![CDATA[1]]></wp:meta_value>
		</wp:postmeta>
		<wp:postmeta>
			<wp:meta_key>_label_quantity</wp:meta_key>
			<wp:meta_value><![CDATA[1]]></wp:meta_value>
		</wp:postmeta>
		<wp:postmeta>
			<wp:meta_key>_mel_protected</wp:meta_key>
			<wp:meta_value><![CDATA[0]]></wp:meta_value>
		</wp:postmeta>
		<wp:postmeta>
			<wp:meta_key>_mel_allowed_roles</wp:meta_key>
			<wp:meta_value><![CDATA[a:6:{i:0;s:13:"administrator";i:1;s:6:"editor";i:2;s:6:"author";i:3;s:11:"contributor";i:4;s:10:"subscriber";i:5;s:8:"mitglied";}]]></wp:meta_value>
		</wp:postmeta>
	</item>
	<item>
		<title>TEST</title>
		<link>http://localhost:8881/tour/test-2/</link>
		<pubDate>Di, 09 Dez 2025 20:50:51 +0000</pubDate>
		<dc:creator>admin</dc:creator>
		<guid isPermaLink="false">http://localhost:8881/tour/test-2/</guid>
		<description></description>
		<content:encoded><![CDATA[
<p></p>



<h3 class="wp-block-heading"></h3>



<p></p>



<figure class="wp-block-gallery has-nested-images columns-3 is-cropped wp-block-gallery-3 is-layout-flex wp-block-gallery-is-layout-flex"></figure>



<p></p>





<p></p>
]]></content:encoded>
		<excerpt:encoded><![CDATA[]]></excerpt:encoded>

		<wp:post_id>702</wp:post_id>
		<wp:post_date>2025-12-09 20:50:51</wp:post_date>
		<wp:post_date_gmt>2025-12-09 20:50:51</wp:post_date_gmt>
		<wp:comment_status>open</wp:comment_status>
		<wp:ping_status>closed</wp:ping_status>
		<wp:post_name>test-2</wp:post_name>
		<wp:status>publish</wp:status>
		<wp:post_parent>0</wp:post_parent>
		<wp:menu_order>0</wp:menu_order>
		<wp:post_type>tour</wp:post_type>
		<wp:post_password></wp:post_password>
		<wp:is_sticky>0</wp:is_sticky>

		<wp:postmeta>
			<wp:meta_key>_edit_lock</wp:meta_key>
			<wp:meta_value><![CDATA[1765313629:1]]></wp:meta_value>
		</wp:postmeta>
		<wp:postmeta>
			<wp:meta_key>classic-editor-remember</wp:meta_key>
			<wp:meta_value><![CDATA[block-editor]]></wp:meta_value>
		</wp:postmeta>
		<wp:postmeta>
			<wp:meta_key>_thumbnail_id</wp:meta_key>
			<wp:meta_value><![CDATA[703]]></wp:meta_value>
		</wp:postmeta>
		<wp:postmeta>
			<wp:meta_key>_edit_last</wp:meta_key>
			<wp:meta_value><![CDATA[1]]></wp:meta_value>
		</wp:postmeta>
		<wp:postmeta>
			<wp:meta_key>_label_quantity</wp:meta_key>
			<wp:meta_value><![CDATA[1]]></wp:meta_value>
		</wp:postmeta>
		<wp:postmeta>
			<wp:meta_key>_mel_protected</wp:meta_key>
			<wp:meta_value><![CDATA[0]]></wp:meta_value>
		</wp:postmeta>
		<wp:postmeta>
			<wp:meta_key>_mel_allowed_roles</wp:meta_key>
			<wp:meta_value><![CDATA[a:6:{i:0;s:13:"administrator";i:1;s:6:"editor";i:2;s:6:"author";i:3;s:11:"contributor";i:4;s:10:"subscriber";i:5;s:8:"mitglied";}]]></wp:meta_value>
		</wp:postmeta>
	</item>
	<item>
		<title>20240803_172240-1.12.</title>
		<link>http://localhost:8881/wp-content/uploads/2025/12/20240803_172240-1.12.jpg</link>
		<pubDate>Tue, 09 Dec 2025 20:50:27 +0000</pubDate>
		<dc:creator>admin</dc:creator>
		<guid isPermaLink="false">http://localhost:8881/wp-content/uploads/2025/12/20240803_172240-1.12.jpg</guid>
		<description></description>
		<content:encoded><![CDATA[]]></content:encoded>
		<excerpt:encoded><![CDATA[]]></excerpt:encoded>

		<wp:post_id>703</wp:post_id>
		<wp:post_date>2025-12-09 20:50:27</wp:post_date>
		<wp:post_date_gmt>2025-12-09 20:50:27</wp:post_date_gmt>
		<wp:comment_status>closed</wp:comment_status>
		<wp:ping_status>closed</wp:ping_status>
		<wp:post_name>20240803_172240-1-12</wp:post_name>
		<wp:status>inherit</wp:status>
		<wp:post_parent>702</wp:post_parent>
		<wp:menu_order>0</wp:menu_order>
		<wp:post_type>attachment</wp:post_type>
		<wp:attachment_url>http://localhost:8881/wp-content/uploads/2025/12/20240803_172240-1.12.jpg</wp:attachment_url>
	</item>
	<item>
		<title>test</title>
		<link>http://localhost:8881/tour/test/</link>
		<pubDate>Do, 04 Dez 2025 22:23:31 +0000</pubDate>
		<dc:creator>Hans</dc:creator>
		<guid isPermaLink="false">http://localhost:8881/tour/test/</guid>
		<description></description>
		<content:encoded><![CDATA[
<p></p>



<h3 class="wp-block-heading"></h3>



<p></p>



<figure class="wp-block-gallery has-nested-images columns-3 is-cropped wp-block-gallery-4 is-layout-flex wp-block-gallery-is-layout-flex">
<figure class="wp-block-image"><img loading="lazy" decoding="async" width="1024" height="683" data-id="566" src="http://localhost:8881/wp-content/uploads/2025/11/DSC_0400.jpg" alt="" class="wp-image-566" /></figure>



<figure class="wp-block-image"><img loading="lazy" decoding="async" width="1024" height="683" data-id="567" src="http://localhost:8881/wp-content/uploads/2025/11/DSC_0401.jpg" alt="" class="wp-image-567" /></figure>



<figure class="wp-block-image"><img loading="lazy" decoding="async" width="1024" height="683" data-id="568" src="http://localhost:8881/wp-content/uploads/2025/11/DSC_0402.jpg" alt="" class="wp-image-568" /></figure>
</figure>



<p></p>





<p></p>
]]></content:encoded>
		<excerpt:encoded><![CDATA[]]></excerpt:encoded>

		<wp:post_id>682</wp:post_id>
		<wp:post_date>2025-12-04 22:23:31</wp:post_date>
		<wp:post_date_gmt>2025-12-04 22:23:31</wp:post_date_gmt>
		<wp:comment_status>open</wp:comment_status>
		<wp:ping_status>closed</wp:ping_status>
		<wp:post_name>test</wp:post_name>
		<wp:status>publish</wp:status>
		<wp:post_parent>0</wp:post_parent>
		<wp:menu_order>0</wp:menu_order>
		<wp:post_type>tour</wp:post_type>
		<wp:post_password></wp:post_password>
		<wp:is_sticky>0</wp:is_sticky>

		<wp:postmeta>
			<wp:meta_key>_edit_lock</wp:meta_key>
			<wp:meta_value><![CDATA[1764887582:3]]></wp:meta_value>
		</wp:postmeta>
		<wp:postmeta>
			<wp:meta_key>classic-editor-remember</wp:meta_key>
			<wp:meta_value><![CDATA[block-editor]]></wp:meta_value>
		</wp:postmeta>
		<wp:postmeta>
			<wp:meta_key>_edit_last</wp:meta_key>
			<wp:meta_value><![CDATA[3]]></wp:meta_value>
		</wp:postmeta>
		<wp:postmeta>
			<wp:meta_key>_label_quantity</wp:meta_key>
			<wp:meta_value><![CDATA[1]]></wp:meta_value>
		</wp:postmeta>
		<wp:postmeta>
			<wp:meta_key>_mel_protected</wp:meta_key>
			<wp:meta_value><![CDATA[0]]></wp:meta_value>
		</wp:postmeta>
		<wp:postmeta>
			<wp:meta_key>_mel_allowed_roles</wp:meta_key>
			<wp:meta_value><![CDATA[a:6:{i:0;s:13:"administrator";i:1;s:6:"editor";i:2;s:6:"author";i:3;s:11:"contributor";i:4;s:10:"subscriber";i:5;s:8:"mitglied";}]]></wp:meta_value>
		</wp:postmeta>
	</item>
	<item>
		<title></title>
		<link>http://localhost:8881/tour/679/</link>
		<pubDate>Do, 04 Dez 2025 21:57:37 +0000</pubDate>
		<dc:creator>redakteur</dc:creator>
		<guid isPermaLink="false">http://localhost:8881/tour/679/</guid>
		<description></description>
		<content:encoded><![CDATA[
<p></p>



<h3 class="wp-block-heading"></h3>



<p></p>



<figure class="wp-block-gallery has-nested-images columns-3 is-cropped wp-block-gallery-5 is-layout-flex wp-block-gallery-is-layout-flex">
<figure class="wp-block-image size-large"><a href="http://localhost:8881/wp-content/uploads/2025/11/DSC_0438.jpg"><img loading="lazy" decoding="async" width="1024" height="683" data-id="577" src="http://localhost:8881/wp-content/uploads/2025/11/DSC_0438.jpg" alt="" class="wp-image-577"/></a></figure>



<figure class="wp-block-image size-large"><a href="http://localhost:8881/wp-content/uploads/2025/11/DSC_0439.jpg"><img loading="lazy" decoding="async" width="1024" height="683" data-id="576" src="http://localhost:8881/wp-content/uploads/2025/11/DSC_0439.jpg" alt="" class="wp-image-576"/></a></figure>
</figure>



<p></p>





<p></p>
]]></content:encoded>
		<excerpt:encoded><![CDATA[]]></excerpt:encoded>

		<wp:post_id>679</wp:post_id>
		<wp:post_date>2025-12-04 21:57:37</wp:post_date>
		<wp:post_date_gmt>2025-12-04 21:57:37</wp:post_date_gmt>
		<wp:comment_status>open</wp:comment_status>
		<wp:ping_status>closed</wp:ping_status>
		<wp:post_name>679</wp:post_name>
		<wp:status>publish</wp:status>
		<wp:post_parent>0</wp:post_parent>
		<wp:menu_order>0</wp:menu_order>
		<wp:post_type>tour</wp:post_type>
		<wp:post_password></wp:post_password>
		<wp:is_sticky>0</wp:is_sticky>

		<wp:postmeta>
			<wp:meta_key>_edit_lock</wp:meta_key>
			<wp:meta_value><![CDATA[1764885481:2]]></wp:meta_value>
		</wp:postmeta>
		<wp:postmeta>
			<wp:meta_key>classic-editor-remember</wp:meta_key>
			<wp:meta_value><![CDATA[block-editor]]></wp:meta_value>
		</wp:postmeta>
		<wp:postmeta>
			<wp:meta_key>_edit_last</wp:meta_key>
			<wp:meta_value><![CDATA[2]]></wp:meta_value>
		</wp:postmeta>
		<wp:postmeta>
			<wp:meta_key>_label_quantity</wp:meta_key>
			<wp:meta_value><![CDATA[1]]></wp:meta_value>
		</wp:postmeta>
		<wp:postmeta>
			<wp:meta_key>_mel_protected</wp:meta_key>
			<wp:meta_value><![CDATA[0]]></wp:meta_value>
		</wp:postmeta>
		<wp:postmeta>
			<wp:meta_key>_mel_allowed_roles</wp:meta_key>
			<wp:meta_value><![CDATA[a:6:{i:0;s:13:"administrator";i:1;s:6:"editor";i:2;s:6:"author";i:3;s:11:"contributor";i:4;s:10:"subscriber";i:5;s:8:"mitglied";}]]></wp:meta_value>
		</wp:postmeta>
	</item>
	<item>
		<title></title>
		<link>http://localhost:8881/?post_type=tour&#038;p=677</link>
		<pubDate>Do, 04 Dez 2025 21:37:06 +0000</pubDate>
		<dc:creator>admin</dc:creator>
		<guid isPermaLink="false">http://localhost:8881/?post_type=tour&amp;p=677</guid>
		<description></description>
		<content:encoded><![CDATA[
<p></p>



<h3 class="wp-block-heading"></h3>



<p></p>



<figure class="wp-block-gallery has-nested-images columns-3 is-cropped wp-block-gallery-6 is-layout-flex wp-block-gallery-is-layout-flex">
<figure class="wp-block-image size-large"><a href="http://localhost:8881/wp-content/uploads/2025/11/DSC_0438.jpg"><img loading="lazy" decoding="async" width="1024" height="683" data-id="577" src="http://localhost:8881/wp-content/uploads/2025/11/DSC_0438.jpg" alt="" class="wp-image-577"/></a></figure>



<figure class="wp-block-image size-large"><a href="http://localhost:8881/wp-content/uploads/2025/11/DSC_0439.jpg"><img loading="lazy" decoding="async" width="1024" height="683" data-id="576" src="http://localhost:8881/wp-content/uploads/2025/11/DSC_0439.jpg" alt="" class="wp-image-576"/></a></figure>



<figure class="wp-block-image size-large"><a href="http://localhost:8881/wp-content/uploads/2025/11/DSC_0419.jpg"><img loading="lazy" decoding="async" width="1024" height="683" data-id="575" src="http://localhost:8881/wp-content/uploads/2025/11/DSC_0419.jpg" alt="" class="wp-image-575"/></a></figure>



<figure class="wp-block-image size-large"><a href="http://localhost:8881/wp-content/uploads/2025/11/DSC_0416.jpg"><img loading="lazy" decoding="async" width="1024" height="683" data-id="574" src="http://localhost:8881/wp-content/uploads/2025/11/DSC_0416.jpg" alt="" class="wp-image-574"/></a></figure>
</figure>



<p></p>





<p></p>
]]></content:encoded>
		<excerpt:encoded><![CDATA[]]></excerpt:encoded>

		<wp:post_id>677</wp:post_id>
		<wp:post_date>2025-12-04 21:37:06</wp:post_date>
		<wp:post_date_gmt>2025-12-04 21:37:06</wp:post_date_gmt>
		<wp:comment_status>open</wp:comment_status>
		<wp:ping_status>closed</wp:ping_status>
		<wp:post_name></wp:post_name>
		<wp:status>draft</wp:status>
		<wp:post_parent>0</wp:post_parent>
		<wp:menu_order>0</wp:menu_order>
		<wp:post_type>tour</wp:post_type>
		<wp:post_password></wp:post_password>
		<wp:is_sticky>0</wp:is_sticky>

		<wp:postmeta>
			<wp:meta_key>_edit_lock</wp:meta_key>
			<wp:meta_value><![CDATA[1764885417:1]]></wp:meta_value>
		</wp:postmeta>
		<wp:postmeta>
			<wp:meta_key>classic-editor-remember</wp:meta_key>
			<wp:meta_value><![CDATA[block-editor]]></wp:meta_value>
		</wp:postmeta>
	</item>
	<item>
		<title>tour5</title>
		<link>http://localhost:8881/tour/629/</link>
		<pubDate>Mo, 01 Dez 2025 22:17:31 +0000</pubDate>
		<dc:creator>admin</dc:creator>
		<guid isPermaLink="false">http://localhost:8881/tour/629/</guid>
		<description></description>
		<content:encoded><![CDATA[
<p></p>



<h3 class="wp-block-heading"></h3>



<p></p>



<figure class="wp-block-gallery has-nested-images columns-3 is-cropped wp-block-gallery-7 is-layout-flex wp-block-gallery-is-layout-flex">







</figure>



<p></p>


    <div class="gpx-download-block">
                    <div id="gpx-map-693dc34200000" class="gpx-map-preview" style="height: 300px; margin-bottom: 15px;"></div>
                
                <div class="gpx-file-info">
            <div class="gpx-file-details">
                <span class="dashicons dashicons-location-alt"></span>
                <div class="gpx-file-meta">
                    <strong>franz</strong>
                                            <small>2 MB</small>
                                    </div>
            </div>
        </div>
                
        <a href="http://localhost:8881/wp-content/uploads/2025/12/franz-1.gpx" class="gpx-download-button" download>
            <span class="dashicons dashicons-download"></span>
            <span>GPX-Datei herunterladen</span>
        </a>
    </div>
    


<p></p>
]]></content:encoded>
		<excerpt:encoded><![CDATA[]]></excerpt:encoded>

		<wp:post_id>629</wp:post_id>
		<wp:post_date>2025-12-01 22:17:31</wp:post_date>
		<wp:post_date_gmt>2025-12-01 22:17:31</wp:post_date_gmt>
		<wp:comment_status>open</wp:comment_status>
		<wp:ping_status>closed</wp:ping_status>
		<wp:post_name>629</wp:post_name>
		<wp:status>publish</wp:status>
		<wp:post_parent>0</wp:post_parent>
		<wp:menu_order>0</wp:menu_order>
		<wp:post_type>tour</wp:post_type>
		<wp:post_password></wp:post_password>
		<wp:is_sticky>0</wp:is_sticky>

		<wp:postmeta>
			<wp:meta_key>_edit_lock</wp:meta_key>
			<wp:meta_value><![CDATA[1764717140:1]]></wp:meta_value>
		</wp:postmeta>
		<wp:postmeta>
			<wp:meta_key>classic-editor-remember</wp:meta_key>
			<wp:meta_value><![CDATA[block-editor]]></wp:meta_value>
		</wp:postmeta>
		<wp:postmeta>
			<wp:meta_key>_edit_last</wp:meta_key>
			<wp:meta_value><![CDATA[1]]></wp:meta_value>
		</wp:postmeta>
		<wp:postmeta>
			<wp:meta_key>_wp_page_template</wp:meta_key>
			<wp:meta_value><![CDATA[default]]></wp:meta_value>
		</wp:postmeta>
		<wp:postmeta>
			<wp:meta_key>_mel_protected</wp:meta_key>
			<wp:meta_value><![CDATA[0]]></wp:meta_value>
		</wp:postmeta>
		<wp:postmeta>
			<wp:meta_key>_mel_allowed_roles</wp:meta_key>
			<wp:meta_value><![CDATA[a:6:{i:0;s:13:"administrator";i:1;s:6:"editor";i:2;s:6:"author";i:3;s:11:"contributor";i:4;s:10:"subscriber";i:5;s:8:"mitglied";}]]></wp:meta_value>
		</wp:postmeta>
	</item>
	<item>
		<title>tour6</title>
		<link>http://localhost:8881/tour/627/</link>
		<pubDate>Mo, 01 Dez 2025 22:16:46 +0000</pubDate>
		<dc:creator>admin</dc:creator>
		<guid isPermaLink="false">http://localhost:8881/tour/627/</guid>
		<description></description>
		<content:encoded><![CDATA[
<p></p>



<h3 class="wp-block-heading"></h3>



<p></p>



<figure class="wp-block-gallery has-nested-images columns-3 is-cropped wp-block-gallery-8 is-layout-flex wp-block-gallery-is-layout-flex"></figure>



<p></p>


    <div class="gpx-download-block">
                    <div id="gpx-map-693dc34204a38" class="gpx-map-preview" style="height: 300px; margin-bottom: 15px;"></div>
                
                <div class="gpx-file-info">
            <div class="gpx-file-details">
                <span class="dashicons dashicons-location-alt"></span>
                <div class="gpx-file-meta">
                    <strong>Tour-430001274o</strong>
                                            <small>333 kB</small>
                                    </div>
            </div>
        </div>
                
        <a href="http://localhost:8881/wp-content/uploads/2025/11/Tour-430001274o-1.gpx" class="gpx-download-button" download>
            <span class="dashicons dashicons-download"></span>
            <span>GPX-Datei herunterladen</span>
        </a>
    </div>
    


<p></p>
]]></content:encoded>
		<excerpt:encoded><![CDATA[]]></excerpt:encoded>

		<wp:post_id>627</wp:post_id>
		<wp:post_date>2025-12-01 22:16:46</wp:post_date>
		<wp:post_date_gmt>2025-12-01 22:16:46</wp:post_date_gmt>
		<wp:comment_status>open</wp:comment_status>
		<wp:ping_status>closed</wp:ping_status>
		<wp:post_name>627</wp:post_name>
		<wp:status>publish</wp:status>
		<wp:post_parent>0</wp:post_parent>
		<wp:menu_order>0</wp:menu_order>
		<wp:post_type>tour</wp:post_type>
		<wp:post_password></wp:post_password>
		<wp:is_sticky>0</wp:is_sticky>

		<wp:postmeta>
			<wp:meta_key>_edit_lock</wp:meta_key>
			<wp:meta_value><![CDATA[1764761682:1]]></wp:meta_value>
		</wp:postmeta>
		<wp:postmeta>
			<wp:meta_key>classic-editor-remember</wp:meta_key>
			<wp:meta_value><![CDATA[block-editor]]></wp:meta_value>
		</wp:postmeta>
		<wp:postmeta>
			<wp:meta_key>_edit_last</wp:meta_key>
			<wp:meta_value><![CDATA[1]]></wp:meta_value>
		</wp:postmeta>
		<wp:postmeta>
			<wp:meta_key>_wp_page_template</wp:meta_key>
			<wp:meta_value><![CDATA[default]]></wp:meta_value>
		</wp:postmeta>
		<wp:postmeta>
			<wp:meta_key>_mel_protected</wp:meta_key>
			<wp:meta_value><![CDATA[0]]></wp:meta_value>
		</wp:postmeta>
		<wp:postmeta>
			<wp:meta_key>_mel_allowed_roles</wp:meta_key>
			<wp:meta_value><![CDATA[a:6:{i:0;s:13:"administrator";i:1;s:6:"editor";i:2;s:6:"author";i:3;s:11:"contributor";i:4;s:10:"subscriber";i:5;s:8:"mitglied";}]]></wp:meta_value>
		</wp:postmeta>
	</item>
	<item>
		<title>tour3</title>
		<link>http://localhost:8881/tour/tour3/</link>
		<pubDate>Mo, 01 Dez 2025 21:57:47 +0000</pubDate>
		<dc:creator>admin</dc:creator>
		<guid isPermaLink="false">http://localhost:8881/tour/tour3/</guid>
		<description></description>
		<content:encoded><![CDATA[
<p></p>



<h3 class="wp-block-heading"></h3>



<p></p>



<figure class="wp-block-gallery has-nested-images columns-3 is-cropped wp-block-gallery-9 is-layout-flex wp-block-gallery-is-layout-flex"></figure>



<p></p>


    <div class="gpx-download-block">
                    <div id="gpx-map-693dc34208ca0" class="gpx-map-preview" style="height: 300px; margin-bottom: 15px;"></div>
                
                <div class="gpx-file-info">
            <div class="gpx-file-details">
                <span class="dashicons dashicons-location-alt"></span>
                <div class="gpx-file-meta">
                    <strong>franz</strong>
                                            <small>2 MB</small>
                                    </div>
            </div>
        </div>
                
        <a href="http://localhost:8881/wp-content/uploads/2025/12/franz.gpx" class="gpx-download-button" download>
            <span class="dashicons dashicons-download"></span>
            <span>GPX-Datei herunterladen</span>
        </a>
    </div>
    


<p></p>
]]></content:encoded>
		<excerpt:encoded><![CDATA[]]></excerpt:encoded>

		<wp:post_id>625</wp:post_id>
		<wp:post_date>2025-12-01 21:57:47</wp:post_date>
		<wp:post_date_gmt>2025-12-01 21:57:47</wp:post_date_gmt>
		<wp:comment_status>open</wp:comment_status>
		<wp:ping_status>closed</wp:ping_status>
		<wp:post_name>tour3</wp:post_name>
		<wp:status>publish</wp:status>
		<wp:post_parent>0</wp:post_parent>
		<wp:menu_order>0</wp:menu_order>
		<wp:post_type>tour</wp:post_type>
		<wp:post_password></wp:post_password>
		<wp:is_sticky>0</wp:is_sticky>

		<wp:postmeta>
			<wp:meta_key>_edit_lock</wp:meta_key>
			<wp:meta_value><![CDATA[1764761675:1]]></wp:meta_value>
		</wp:postmeta>
		<wp:postmeta>
			<wp:meta_key>classic-editor-remember</wp:meta_key>
			<wp:meta_value><![CDATA[block-editor]]></wp:meta_value>
		</wp:postmeta>
	</item>
	<item>
		<title></title>
		<link>http://localhost:8881/tour/621/</link>
		<pubDate>Mo, 01 Dez 2025 21:49:56 +0000</pubDate>
		<dc:creator>autor</dc:creator>
		<guid isPermaLink="false">http://localhost:8881/tour/621/</guid>
		<description></description>
		<content:encoded><![CDATA[
<p></p>



<h3 class="wp-block-heading"></h3>



<p></p>



<figure class="wp-block-gallery has-nested-images columns-3 is-cropped wp-block-gallery-10 is-layout-flex wp-block-gallery-is-layout-flex">
<figure class="wp-block-image"><img loading="lazy" decoding="async" width="1024" height="683" data-id="576" src="http://localhost:8881/wp-content/uploads/2025/11/DSC_0439.jpg" alt="" class="wp-image-576"/></figure>



<figure class="wp-block-image"><img loading="lazy" decoding="async" width="1024" height="683" data-id="578" src="http://localhost:8881/wp-content/uploads/2025/11/DSC_0441.jpg" alt="" class="wp-image-578"/></figure>



<figure class="wp-block-image"><img loading="lazy" decoding="async" width="1024" height="683" data-id="577" src="http://localhost:8881/wp-content/uploads/2025/11/DSC_0438.jpg" alt="" class="wp-image-577"/></figure>
</figure>



<p></p>


    <div class="gpx-download-block">
                    <div id="gpx-map-693dc3420cf08" class="gpx-map-preview" style="height: 300px; margin-bottom: 15px;"></div>
                
                <div class="gpx-file-info">
            <div class="gpx-file-details">
                <span class="dashicons dashicons-location-alt"></span>
                <div class="gpx-file-meta">
                    <strong>franz</strong>
                                            <small>2 MB</small>
                                    </div>
            </div>
        </div>
                
        <a href="http://localhost:8881/wp-content/uploads/2025/12/franz.gpx" class="gpx-download-button" download>
            <span class="dashicons dashicons-download"></span>
            <span>GPX-Datei herunterladen</span>
        </a>
    </div>
    


<p></p>
]]></content:encoded>
		<excerpt:encoded><![CDATA[]]></excerpt:encoded>

		<wp:post_id>621</wp:post_id>
		<wp:post_date>2025-12-01 21:49:56</wp:post_date>
		<wp:post_date_gmt>2025-12-01 21:49:56</wp:post_date_gmt>
		<wp:comment_status>open</wp:comment_status>
		<wp:ping_status>closed</wp:ping_status>
		<wp:post_name>621</wp:post_name>
		<wp:status>publish</wp:status>
		<wp:post_parent>0</wp:post_parent>
		<wp:menu_order>0</wp:menu_order>
		<wp:post_type>tour</wp:post_type>
		<wp:post_password></wp:post_password>
		<wp:is_sticky>0</wp:is_sticky>

		<wp:postmeta>
			<wp:meta_key>_edit_lock</wp:meta_key>
			<wp:meta_value><![CDATA[1764626195:1]]></wp:meta_value>
		</wp:postmeta>
		<wp:postmeta>
			<wp:meta_key>classic-editor-remember</wp:meta_key>
			<wp:meta_value><![CDATA[block-editor]]></wp:meta_value>
		</wp:postmeta>
	</item>
	<item>
		<title>Route</title>
		<link>http://localhost:8881/tour/route/</link>
		<pubDate>Mo, 01 Dez 2025 21:38:23 +0000</pubDate>
		<dc:creator>admin</dc:creator>
		<guid isPermaLink="false">http://localhost:8881/tour/route/</guid>
		<description></description>
		<content:encoded><![CDATA[
<p>erster Bericht zum Text</p>



<h3 class="wp-block-heading">Da kommt die Gallerie</h3>



<p></p>



<figure class="wp-block-gallery has-nested-images columns-3 is-cropped wp-block-gallery-11 is-layout-flex wp-block-gallery-is-layout-flex">
<figure class="wp-block-image size-large"><a href="http://localhost:8881/wp-content/uploads/2025/11/DSC_0402.jpg"><img loading="lazy" decoding="async" width="1024" height="683" data-id="568" src="http://localhost:8881/wp-content/uploads/2025/11/DSC_0402.jpg" alt="" class="wp-image-568"/></a></figure>



<figure class="wp-block-image size-large"><a href="http://localhost:8881/wp-content/uploads/2025/11/DSC_0401.jpg"><img loading="lazy" decoding="async" width="1024" height="683" data-id="567" src="http://localhost:8881/wp-content/uploads/2025/11/DSC_0401.jpg" alt="" class="wp-image-567"/></a></figure>



<figure class="wp-block-image size-large"><a href="http://localhost:8881/wp-content/uploads/2025/11/DSC_0400.jpg"><img loading="lazy" decoding="async" width="1024" height="683" data-id="566" src="http://localhost:8881/wp-content/uploads/2025/11/DSC_0400.jpg" alt="" class="wp-image-566"/></a></figure>



<figure class="wp-block-image size-large"><a href="http://localhost:8881/wp-content/uploads/2025/11/DSC_0410.jpg"><img loading="lazy" decoding="async" width="1024" height="683" data-id="565" src="http://localhost:8881/wp-content/uploads/2025/11/DSC_0410.jpg" alt="" class="wp-image-565"/></a></figure>
</figure>



<p></p>


    <div class="gpx-download-block">
                    <div id="gpx-map-693dc342128e0" class="gpx-map-preview" style="height: 300px; margin-bottom: 15px;"></div>
                
                <div class="gpx-file-info">
            <div class="gpx-file-details">
                <span class="dashicons dashicons-location-alt"></span>
                <div class="gpx-file-meta">
                    <strong>3_Schluchten_Weg</strong>
                                            <small>56 kB</small>
                                    </div>
            </div>
        </div>
                
        <a href="http://localhost:8881/wp-content/uploads/2025/11/3_Schluchten_Weg-1.gpx" class="gpx-download-button" download>
            <span class="dashicons dashicons-download"></span>
            <span>GPX-Datei herunterladen</span>
        </a>
    </div>
    


<p></p>
]]></content:encoded>
		<excerpt:encoded><![CDATA[]]></excerpt:encoded>

		<wp:post_id>618</wp:post_id>
		<wp:post_date>2025-12-01 21:38:23</wp:post_date>
		<wp:post_date_gmt>2025-12-01 21:38:23</wp:post_date_gmt>
		<wp:comment_status>open</wp:comment_status>
		<wp:ping_status>closed</wp:ping_status>
		<wp:post_name>route</wp:post_name>
		<wp:status>publish</wp:status>
		<wp:post_parent>0</wp:post_parent>
		<wp:menu_order>0</wp:menu_order>
		<wp:post_type>tour</wp:post_type>
		<wp:post_password></wp:post_password>
		<wp:is_sticky>0</wp:is_sticky>

		<wp:postmeta>
			<wp:meta_key>_edit_lock</wp:meta_key>
			<wp:meta_value><![CDATA[1764699558:1]]></wp:meta_value>
		</wp:postmeta>
		<wp:postmeta>
			<wp:meta_key>classic-editor-remember</wp:meta_key>
			<wp:meta_value><![CDATA[block-editor]]></wp:meta_value>
		</wp:postmeta>
	</item>
	<item>
		<title></title>
		<link>http://localhost:8881/?post_type=tour&#038;p=616</link>
		<pubDate>Mo, 01 Dez 2025 21:35:17 +0000</pubDate>
		<dc:creator>admin</dc:creator>
		<guid isPermaLink="false">http://localhost:8881/?post_type=tour&amp;p=616</guid>
		<description></description>
		<content:encoded><![CDATA[
<p></p>



<h3 class="wp-block-heading">Bildergalerie</h3>



<figure class="wp-block-gallery has-nested-images columns-3 is-cropped wp-block-gallery-12 is-layout-flex wp-block-gallery-is-layout-flex"></figure>


    <div class="gpx-download-block">
                    <div id="gpx-map-693dc34216f30" class="gpx-map-preview" style="height: 300px; margin-bottom: 15px;"></div>
                
                <div class="gpx-file-info">
            <div class="gpx-file-details">
                <span class="dashicons dashicons-location-alt"></span>
                <div class="gpx-file-meta">
                    <strong>franz</strong>
                                            <small>2 MB</small>
                                    </div>
            </div>
        </div>
                
        <a href="http://localhost:8881/wp-content/uploads/2025/12/franz-1.gpx" class="gpx-download-button" download>
            <span class="dashicons dashicons-download"></span>
            <span>GPX-Datei herunterladen</span>
        </a>
    </div>
    ]]></content:encoded>
		<excerpt:encoded><![CDATA[]]></excerpt:encoded>

		<wp:post_id>616</wp:post_id>
		<wp:post_date>2025-12-01 21:35:17</wp:post_date>
		<wp:post_date_gmt>2025-12-01 21:35:17</wp:post_date_gmt>
		<wp:comment_status>open</wp:comment_status>
		<wp:ping_status>closed</wp:ping_status>
		<wp:post_name></wp:post_name>
		<wp:status>draft</wp:status>
		<wp:post_parent>0</wp:post_parent>
		<wp:menu_order>0</wp:menu_order>
		<wp:post_type>tour</wp:post_type>
		<wp:post_password></wp:post_password>
		<wp:is_sticky>0</wp:is_sticky>

		<wp:postmeta>
			<wp:meta_key>_edit_lock</wp:meta_key>
			<wp:meta_value><![CDATA[1764625037:1]]></wp:meta_value>
		</wp:postmeta>
		<wp:postmeta>
			<wp:meta_key>classic-editor-remember</wp:meta_key>
			<wp:meta_value><![CDATA[block-editor]]></wp:meta_value>
		</wp:postmeta>
	</item>
	<item>
		<title>franz</title>
		<link>http://localhost:8881/wp-content/uploads/2025/12/franz-1.gpx</link>
		<pubDate>Mon, 01 Dec 2025 21:34:26 +0000</pubDate>
		<dc:creator>admin</dc:creator>
		<guid isPermaLink="false">http://localhost:8881/wp-content/uploads/2025/12/franz-1.gpx</guid>
		<description></description>
		<content:encoded><![CDATA[]]></content:encoded>
		<excerpt:encoded><![CDATA[]]></excerpt:encoded>

		<wp:post_id>617</wp:post_id>
		<wp:post_date>2025-12-01 21:34:26</wp:post_date>
		<wp:post_date_gmt>2025-12-01 21:34:26</wp:post_date_gmt>
		<wp:comment_status>closed</wp:comment_status>
		<wp:ping_status>closed</wp:ping_status>
		<wp:post_name>franz-3</wp:post_name>
		<wp:status>inherit</wp:status>
		<wp:post_parent>616</wp:post_parent>
		<wp:menu_order>0</wp:menu_order>
		<wp:post_type>attachment</wp:post_type>
		<wp:attachment_url>http://localhost:8881/wp-content/uploads/2025/12/franz-1.gpx</wp:attachment_url>
	</item>
	<item>
		<title>testtour</title>
		<link>http://localhost:8881/tour/testtour/</link>
		<pubDate>Mo, 01 Dez 2025 19:51:43 +0000</pubDate>
		<dc:creator>admin</dc:creator>
		<guid isPermaLink="false">http://localhost:8881/tour/testtour/</guid>
		<description></description>
		<content:encoded><![CDATA[
<p> </p>



<h3 class="wp-block-heading">Bildergalerie</h3>



<figure class="wp-block-gallery has-nested-images columns-3 is-cropped wp-block-gallery-13 is-layout-flex wp-block-gallery-is-layout-flex">
<figure class="wp-block-image size-large"><a href="http://localhost:8881/wp-content/uploads/2025/11/DSC_0439.jpg"><img loading="lazy" decoding="async" width="1024" height="683" data-id="576" src="http://localhost:8881/wp-content/uploads/2025/11/DSC_0439.jpg" alt="" class="wp-image-576"/></a></figure>



<figure class="wp-block-image size-large"><a href="http://localhost:8881/wp-content/uploads/2025/11/DSC_0417.jpg"><img loading="lazy" decoding="async" width="1024" height="683" data-id="573" src="http://localhost:8881/wp-content/uploads/2025/11/DSC_0417.jpg" alt="" class="wp-image-573"/></a></figure>



<figure class="wp-block-image size-large"><a href="http://localhost:8881/wp-content/uploads/2025/11/DSC_0416.jpg"><img loading="lazy" decoding="async" width="1024" height="683" data-id="574" src="http://localhost:8881/wp-content/uploads/2025/11/DSC_0416.jpg" alt="" class="wp-image-574"/></a></figure>
</figure>



<p></p>
]]></content:encoded>
		<excerpt:encoded><![CDATA[]]></excerpt:encoded>

		<wp:post_id>589</wp:post_id>
		<wp:post_date>2025-12-01 19:51:43</wp:post_date>
		<wp:post_date_gmt>2025-12-01 19:51:43</wp:post_date_gmt>
		<wp:comment_status>open</wp:comment_status>
		<wp:ping_status>closed</wp:ping_status>
		<wp:post_name>testtour</wp:post_name>
		<wp:status>publish</wp:status>
		<wp:post_parent>0</wp:post_parent>
		<wp:menu_order>0</wp:menu_order>
		<wp:post_type>tour</wp:post_type>
		<wp:post_password></wp:post_password>
		<wp:is_sticky>0</wp:is_sticky>

		<wp:postmeta>
			<wp:meta_key>classic-editor-remember</wp:meta_key>
			<wp:meta_value><![CDATA[block-editor]]></wp:meta_value>
		</wp:postmeta>
		<wp:postmeta>
			<wp:meta_key>_edit_lock</wp:meta_key>
			<wp:meta_value><![CDATA[1764627287:1]]></wp:meta_value>
		</wp:postmeta>
	</item>
	<item>
		<title>gallerie</title>
		<link>http://localhost:8881/tour/gallerie/</link>
		<pubDate>Mo, 01 Dez 2025 11:18:21 +0000</pubDate>
		<dc:creator>admin</dc:creator>
		<guid isPermaLink="false">http://localhost:8881/tour/gallerie/</guid>
		<description></description>
		<content:encoded><![CDATA[
<p></p>



<h3 class="wp-block-heading">Bildergalerie</h3>



<figure class="wp-block-gallery has-nested-images columns-3 is-cropped wp-block-gallery-14 is-layout-flex wp-block-gallery-is-layout-flex">
<figure data-wp-context="{&quot;imageId&quot;:&quot;693dc34220788&quot;}" data-wp-interactive="core/image" data-wp-key="693dc34220788" class="wp-block-image size-large wp-lightbox-container"><img loading="lazy" decoding="async" width="1024" height="683" data-wp-class--hide="state.isContentHidden" data-wp-class--show="state.isContentVisible" data-wp-init="callbacks.setButtonStyles" data-wp-on--click="actions.showLightbox" data-wp-on--load="callbacks.setButtonStyles" data-wp-on-window--resize="callbacks.setButtonStyles" data-id="568" src="http://localhost:8881/wp-content/uploads/2025/11/DSC_0402.jpg" alt="" class="wp-image-568"/><button
			class="lightbox-trigger"
			type="button"
			aria-haspopup="dialog"
			aria-label="Vergrößern"
			data-wp-init="callbacks.initTriggerButton"
			data-wp-on--click="actions.showLightbox"
			data-wp-style--right="state.imageButtonRight"
			data-wp-style--top="state.imageButtonTop"
		>
			<svg xmlns="http://www.w3.org/2000/svg" width="12" height="12" fill="none" viewBox="0 0 12 12">
				<path fill="#fff" d="M2 0a2 2 0 0 0-2 2v2h1.5V2a.5.5 0 0 1 .5-.5h2V0H2Zm2 10.5H2a.5.5 0 0 1-.5-.5V8H0v2a2 2 0 0 0 2 2h2v-1.5ZM8 12v-1.5h2a.5.5 0 0 0 .5-.5V8H12v2a2 2 0 0 1-2 2H8Zm2-12a2 2 0 0 1 2 2v2h-1.5V2a.5.5 0 0 0-.5-.5H8V0h2Z" />
			</svg>
		</button></figure>



<figure class="wp-block-image size-large"><img loading="lazy" decoding="async" width="1024" height="683" data-id="567" src="http://localhost:8881/wp-content/uploads/2025/11/DSC_0401.jpg" alt="" class="wp-image-567"/></figure>



<figure class="wp-block-image size-large"><img loading="lazy" decoding="async" width="1024" height="683" data-id="566" src="http://localhost:8881/wp-content/uploads/2025/11/DSC_0400.jpg" alt="" class="wp-image-566"/></figure>



<figure class="wp-block-image size-large"><img loading="lazy" decoding="async" width="1024" height="683" data-id="565" src="http://localhost:8881/wp-content/uploads/2025/11/DSC_0410.jpg" alt="" class="wp-image-565"/></figure>



<figure class="wp-block-image size-large"><img loading="lazy" decoding="async" width="1024" height="683" data-id="564" src="http://localhost:8881/wp-content/uploads/2025/11/DSC_0408.jpg" alt="" class="wp-image-564"/></figure>



<figure class="wp-block-image size-large"><img loading="lazy" decoding="async" width="1024" height="683" data-id="563" src="http://localhost:8881/wp-content/uploads/2025/11/DSC_0306.jpg" alt="" class="wp-image-563"/></figure>



<figure class="wp-block-image size-large"><img loading="lazy" decoding="async" width="1024" height="683" data-id="575" src="http://localhost:8881/wp-content/uploads/2025/11/DSC_0419.jpg" alt="" class="wp-image-575"/></figure>



<figure class="wp-block-image size-large"><img loading="lazy" decoding="async" width="1024" height="683" data-id="569" src="http://localhost:8881/wp-content/uploads/2025/11/DSC_0403.jpg" alt="" class="wp-image-569"/></figure>



<figure class="wp-block-image size-large"><img loading="lazy" decoding="async" width="1024" height="683" data-id="570" src="http://localhost:8881/wp-content/uploads/2025/11/DSC_0408-1.jpg" alt="" class="wp-image-570"/></figure>



<figure class="wp-block-image size-large"><img loading="lazy" decoding="async" width="1024" height="683" data-id="571" src="http://localhost:8881/wp-content/uploads/2025/11/DSC_0412.jpg" alt="" class="wp-image-571"/></figure>



<figure class="wp-block-image size-large"><img loading="lazy" decoding="async" width="1024" height="683" data-id="573" src="http://localhost:8881/wp-content/uploads/2025/11/DSC_0417.jpg" alt="" class="wp-image-573"/></figure>



<figure class="wp-block-image size-large"><img loading="lazy" decoding="async" width="1024" height="683" data-id="576" src="http://localhost:8881/wp-content/uploads/2025/11/DSC_0439.jpg" alt="" class="wp-image-576"/></figure>
</figure>



<p></p>
]]></content:encoded>
		<excerpt:encoded><![CDATA[]]></excerpt:encoded>

		<wp:post_id>587</wp:post_id>
		<wp:post_date>2025-12-01 11:18:21</wp:post_date>
		<wp:post_date_gmt>2025-12-01 11:18:21</wp:post_date_gmt>
		<wp:comment_status>open</wp:comment_status>
		<wp:ping_status>closed</wp:ping_status>
		<wp:post_name>gallerie</wp:post_name>
		<wp:status>publish</wp:status>
		<wp:post_parent>0</wp:post_parent>
		<wp:menu_order>0</wp:menu_order>
		<wp:post_type>tour</wp:post_type>
		<wp:post_password></wp:post_password>
		<wp:is_sticky>0</wp:is_sticky>

		<wp:postmeta>
			<wp:meta_key>classic-editor-remember</wp:meta_key>
			<wp:meta_value><![CDATA[block-editor]]></wp:meta_value>
		</wp:postmeta>
		<wp:postmeta>
			<wp:meta_key>_edit_lock</wp:meta_key>
			<wp:meta_value><![CDATA[1764626065:1]]></wp:meta_value>
		</wp:postmeta>
	</item>
</channel>
</rss>
