<?xml version="1.0" encoding="UTF-8"?>
<rss version="2.0"
	xmlns:excerpt="http://wordpress.org/export/1.2/excerpt/"
	xmlns:content="http://purl.org/rss/1.0/modules/content/"
	xmlns:wfw="http://wellformedweb.org/CommentAPI/"
	xmlns:dc="http://purl.org/dc/elements/1.1/"
	xmlns:wp="http://wordpress.org/export/1.2/"
>
<channel>
	<title>Meine Test-Website</title>
	<link>http://localhost:8881</link>
	<description></description>
	<pubDate>Thu, 01 Jan 2026 18:26:12 +0000</pubDate>
	<language>en-US</language>
	<wp:wxr_version>1.2</wp:wxr_version>
	<wp:base_site_url>http://localhost:8881</wp:base_site_url>
	<wp:base_blog_url>http://localhost:8881</wp:base_blog_url>

	<item>
		<title>Impressum</title>
		<link>http://localhost:8881/impressum/</link>
		<pubDate>Wed, 31 Dec 2025 20:38:41 +0000</pubDate>
		<dc:creator>admin</dc:creator>
		<guid isPermaLink="false">http://localhost:8881/impressum/</guid>
		<description></description>
		<content:encoded><![CDATA[
<p>Projekt: Blueprint Creator</p>



<p>Verein: Otelo Linz &#8211; WordPress Meetup Linz &#8211; <a href="https://www.otelolinz.at">https://www.otelolinz.at</a></p>



<p>Projektakteur: Franz Wieser  <a href="mailto:franz@wieser.at">franz@wieser.at</a></p>



<p>Projektseite: <a href="https://www.wieser.at/playground/blueprintcreator/">https://www.wieser.at/playground/blueprintcreator/</a></p>



<p></p>
]]></content:encoded>
		<excerpt:encoded><![CDATA[]]></excerpt:encoded>

		<wp:post_id>870</wp:post_id>
		<wp:post_date>2025-12-31 20:38:41</wp:post_date>
		<wp:post_date_gmt>2025-12-31 20:38:41</wp:post_date_gmt>
		<wp:comment_status>closed</wp:comment_status>
		<wp:ping_status>closed</wp:ping_status>
		<wp:post_name>impressum</wp:post_name>
		<wp:status>publish</wp:status>
		<wp:post_parent>0</wp:post_parent>
		<wp:menu_order>0</wp:menu_order>
		<wp:post_type>page</wp:post_type>
		<wp:post_password></wp:post_password>
		<wp:is_sticky>0</wp:is_sticky>

		<wp:postmeta>
			<wp:meta_key>_edit_lock</wp:meta_key>
			<wp:meta_value><![CDATA[1767213520:1]]></wp:meta_value>
		</wp:postmeta>
		<wp:postmeta>
			<wp:meta_key>classic-editor-remember</wp:meta_key>
			<wp:meta_value><![CDATA[block-editor]]></wp:meta_value>
		</wp:postmeta>
	</item>
	<item>
		<title>Blueprint Creator</title>
		<link>http://localhost:8881/blueprint-creator-2/</link>
		<pubDate>Wed, 31 Dec 2025 20:35:39 +0000</pubDate>
		<dc:creator>admin</dc:creator>
		<guid isPermaLink="false">http://localhost:8881/blueprint-creator-2/</guid>
		<description></description>
		<content:encoded><![CDATA[
<ul class="wp-block-list">
<li><a href="https://www.wieser.at/playround/blueprintcreator" target="_blank" rel="noreferrer noopener">Aktuell  WP Playground – Blueprint Creator</a> </li>



<li><a href="https://www.wieser.at/wp-content/uploads/2025/12/ANLEITUNG-1.pdf">ANLEITUNG.pdf</a></li>



<li><a href="https://www.wieser.at/wp-content/uploads/2025/12/GUIDE-1.pdf">GUIDE.pdf (en)</a></li>
</ul>



<h1 class="wp-block-heading">Du möchste Playground mit Blueprint erstellen,</h1>



<ul class="wp-block-list">
<li>Als Plugin oder Themen Entwickler möchtest du dein Projekt zum Ausprobieren bereitstellen</li>



<li>Als Web Agentur oder Freelancer möchtest du das Homepageprojekt für deine Kunden präsentieren</li>



<li>Als WordPress Trainer möchtest du für den Workshop WordPress mit diversen Plugins und Thema, Design und Musterseiten für alle Teilnehmer zum Mitmachen vorbereiten.</li>
</ul>



<p>Dann nutze meinen Blueprint Creator, mit wenigen Mausklicks erstellt du eine Playground Instanz mit deinem Wunsch Blueprint aus deiner eigenen WordPress Seite.</p>



<p>Du wählst dazu für dein Projekt, deine Themen, Plugins, Posts, Mediafiles, Templates und Einstellungen aus.</p>



<p>Du kannst einen Lightwight Blueprint (nur URL Parameter) erzeugen und sofort nutzen, (ist aber nur mit WordPress.org Themen und Plugins möglich.<br>mit dem Blueprint Bundle kannst du auch Custom Themen und Plugins einbinden, WXR Posts, (Beiträge, Seiten, Custom Posts), Media Files, FSE Templates, WordPress Einstellungen, Sprache, Website Name usw..<br>es wird auch demnächste erste Erweiterung geben, mit der man ACF inkl. Auswählbare Configurationen in Playground starten kann</p>



<p>beim nächsten WordPress Meetup Linz zeigen wird dir gerne die aktuellesten Entwicklungen mit dem Blueprint Creator Plugin für WordPress Playground</p>



<h1 class="wp-block-heading">You want to create a Playground with a Blueprint?</h1>



<ul class="wp-block-list">
<li>As a plugin or theme developer, you want to make your project available for testing.</li>



<li>As a web agency or freelancer, you want to present your website project to your clients.</li>



<li>As a WordPress trainer, you want to prepare a WordPress workshop with various plugins, themes, designs, and sample pages for all participants to participate in.</li>
</ul>



<p>Then use my Blueprint Creator. With just a few clicks, you can create a Playground instance with your desired Blueprint from your own WordPress site.</p>



<p>You select your themes, plugins, posts, media files, templates, and settings for your project.<br>… You can create a Lightweight Blueprint (URL parameters only) and use it immediately (but this is only possible with WordPress.org themes and plugins).</p>



<p>With the Blueprint Bundle, you can also integrate custom themes and plugins, WXR posts (articles, pages, custom posts), media files, FSE templates, WordPress settings, language, website name, etc.</p>



<p>There will also soon be an extension that allows you to launch ACF with selectable configurations in Playground.</p>



<p>At the next WordPress Meetup in Linz, we’ll be happy to show you the latest developments with the Blueprint Creator plugin for WordPress Playground.</p>
]]></content:encoded>
		<excerpt:encoded><![CDATA[]]></excerpt:encoded>

		<wp:post_id>868</wp:post_id>
		<wp:post_date>2025-12-31 20:35:39</wp:post_date>
		<wp:post_date_gmt>2025-12-31 20:35:39</wp:post_date_gmt>
		<wp:comment_status>closed</wp:comment_status>
		<wp:ping_status>closed</wp:ping_status>
		<wp:post_name>blueprint-creator-2</wp:post_name>
		<wp:status>publish</wp:status>
		<wp:post_parent>0</wp:post_parent>
		<wp:menu_order>0</wp:menu_order>
		<wp:post_type>page</wp:post_type>
		<wp:post_password></wp:post_password>
		<wp:is_sticky>0</wp:is_sticky>

		<wp:postmeta>
			<wp:meta_key>_edit_lock</wp:meta_key>
			<wp:meta_value><![CDATA[1767213341:1]]></wp:meta_value>
		</wp:postmeta>
		<wp:postmeta>
			<wp:meta_key>classic-editor-remember</wp:meta_key>
			<wp:meta_value><![CDATA[block-editor]]></wp:meta_value>
		</wp:postmeta>
	</item>
</channel>
</rss>
