{
    "$schema": "https://playground.wordpress.net/blueprint-schema.json",
    "login": true,
    "siteOptions": {
        "blogname": "BLueprint Creator ",
        "blogdescription": "Playground mit Blueprint Creator Plugin"
    },
    "steps": [
        {
            "step": "setSiteLanguage",
            "language": "de_AT"
        },
        {
            "step": "installPlugin",
            "pluginData": {
                "resource": "bundled",
                "path": "/blueprintcreator-demo-extension-1766704380.zip"
            },
            "options": {
                "activate": true
            }
        },
        {
            "step": "installPlugin",
            "pluginData": {
                "resource": "bundled",
                "path": "/blueprintcreator-1766704380.zip"
            },
            "options": {
                "activate": true
            }
        }
    ]
}