{
    "$schema": "https://playground.wordpress.net/blueprint-schema.json",
    "login": true,
    "siteOptions": {
        "blogname": "My WordPress Website"
    },
    "steps": [
        {
            "step": "setSiteLanguage",
            "language": "de_AT"
        },
        {
            "step": "installTheme",
            "themeData": {
                "resource": "wordpress.org/themes",
                "slug": "twentytwentyfive"
            },
            "options": {
                "activate": true
            }
        },
        {
            "step": "installPlugin",
            "pluginData": {
                "resource": "bundled",
                "path": "/blueprintcreator-1765269936.zip"
            },
            "options": {
                "activate": true
            }
        },
        {
            "step": "installPlugin",
            "pluginData": {
                "resource": "wordpress.org/plugins",
                "slug": "classic-editor"
            },
            "options": {
                "activate": true
            }
        },
        {
            "step": "importWxr",
            "file": {
                "resource": "bundled",
                "path": "/export-1765269931.xml"
            }
        },
        {
            "step": "importWxr",
            "file": {
                "resource": "bundled",
                "path": "/export-1765269931.xml"
            }
        }
    ]
}