{
    "$schema": "https://playground.wordpress.net/blueprint-schema.json",
    "login": true,
    "siteOptions": {
        "blogname": "Dev Vorne",
        "blogdescription": "Eine weitere WordPress-Website"
    },
    "steps": [
        {
            "step": "setSiteLanguage",
            "language": "de_DE"
        },
        {
            "step": "installTheme",
            "themeData": {
                "resource": "wordpress.org/themes",
                "slug": "twentytwentyfive"
            },
            "options": {
                "activate": true
            }
        },
        {
            "step": "installPlugin",
            "pluginData": {
                "resource": "bundled",
                "path": "/FAQadvanced-1765266858.zip"
            },
            "options": {
                "activate": true
            }
        },
        {
            "step": "installPlugin",
            "pluginData": {
                "resource": "bundled",
                "path": "/blueprintcreator-1765266840.zip"
            },
            "options": {
                "activate": true
            }
        },
        {
            "step": "installPlugin",
            "pluginData": {
                "resource": "wordpress.org/plugins",
                "slug": "classic-editor"
            },
            "options": {
                "activate": true
            }
        },
        {
            "step": "importWxr",
            "file": {
                "resource": "bundled",
                "path": "/export-1765266730.xml"
            }
        },
        {
            "step": "importWxr",
            "file": {
                "resource": "bundled",
                "path": "/export-1765266730.xml"
            }
        }
    ]
}