{
    "$schema": "https://playground.wordpress.net/blueprint-schema.json",
    "login": true,
    "siteOptions": {
        "blogname": "My WordPress Website"
    },
    "steps": [
        {
            "step": "setSiteLanguage",
            "language": "de_AT"
        },
        {
            "step": "installPlugin",
            "pluginData": {
                "resource": "bundled",
                "path": "/FAQadvanced-1765234048.zip"
            },
            "options": {
                "activate": true
            }
        },
        {
            "step": "installPlugin",
            "pluginData": {
                "resource": "bundled",
                "path": "/blueprintcreator-1765234091.zip"
            },
            "options": {
                "activate": true
            }
        },
		{
			"step": "importWxr",
			"file": {
				"resource": "bundled",
				"path": "/content/beitrag.xml"
			}
		}
    ]
}
