{
    "$schema": "https://playground.wordpress.net/blueprint-schema.json",
    "login": true,
    "siteOptions": {
        "blogname": "Enhanced Block Navigation Menu",
        "blogdescription": "Coding Experiment"
    },
    "steps": [
        {
            "step": "installPlugin",
            "pluginData": {
                "resource": "bundled",
                "path": "/blocknavigation-1767284521.zip"
            },
            "options": {
                "activate": true
            }
        }
    ]
}