<?xml version="1.0" encoding="UTF-8"?>
<rss version="2.0"
	xmlns:excerpt="http://wordpress.org/export/1.2/excerpt/"
	xmlns:content="http://purl.org/rss/1.0/modules/content/"
	xmlns:wfw="http://wellformedweb.org/CommentAPI/"
	xmlns:dc="http://purl.org/dc/elements/1.1/"
	xmlns:wp="http://wordpress.org/export/1.2/"
>
<channel>
	<title>Meine Test-Website</title>
	<link>http://localhost:8881</link>
	<description></description>
	<pubDate>Wed, 17 Dec 2025 11:38:50 +0000</pubDate>
	<language>de-AT</language>
	<wp:wxr_version>1.2</wp:wxr_version>
	<wp:base_site_url>http://localhost:8881</wp:base_site_url>
	<wp:base_blog_url>http://localhost:8881</wp:base_blog_url>

	<item>
		<title>Beispiel Blueprint</title>
		<link>http://localhost:8881/beispiel-blueprint/</link>
		<pubDate>Mi, 17 Dez 2025 11:36:30 +0000</pubDate>
		<dc:creator>admin</dc:creator>
		<guid isPermaLink="false">http://localhost:8881/beispiel-blueprint/</guid>
		<description></description>
		<content:encoded><![CDATA[
<p>Code Beispiele als zB: blueprint.json auf deiner Festplatte speichern und dann für Blueprint Applier verwenden.</p>



<pre class="wp-block-code"><code>{
  "landingPage": "/wp-admin/",
  "preferredVersions": {
    "php": "8.0",
    "wp": "latest"
  },
  "phpExtensionBundles": &#91;
    "kitchen-sink"
  ],
  "features": {
    "networking": true
  },
  "steps": &#91;
    {
      "step": "login",
      "username": "admin",
      "password": "password"
    },
    {
      "step": "installTheme",
      "themeZipFile": {
        "resource": "wordpress.org/themes",
        "slug": "twentytwentyfour"
      },
      "options": {
        "activate": true
      }
    },
    {
      "step": "installPlugin",
      "pluginZipFile": {
        "resource": "wordpress.org/plugins",
        "slug": "contact-form-7"
      },
      "options": {
        "activate": true
      }
    },
    {
      "step": "installPlugin",
      "pluginZipFile": {
        "resource": "wordpress.org/plugins",
        "slug": "classic-editor"
      },
      "options": {
        "activate": true
      }
    },
    {
      "step": "setSiteOptions",
      "options": {
        "blogname": "Meine Test-Website",
        "blogdescription": "Erstellt mit Blueprint Applier",
        "permalink_structure": "/%postname%/"
      }
    },
    {
      "step": "runPHP",
      "code": "&lt;?php\nupdate_option('show_on_front', 'page');\nupdate_option('page_on_front', 2);\n?>"
    }
  ]
}
</code></pre>
]]></content:encoded>
		<excerpt:encoded><![CDATA[]]></excerpt:encoded>

		<wp:post_id>738</wp:post_id>
		<wp:post_date>2025-12-17 11:36:30</wp:post_date>
		<wp:post_date_gmt>2025-12-17 11:36:30</wp:post_date_gmt>
		<wp:comment_status>closed</wp:comment_status>
		<wp:ping_status>closed</wp:ping_status>
		<wp:post_name>beispiel-blueprint</wp:post_name>
		<wp:status>publish</wp:status>
		<wp:post_parent>0</wp:post_parent>
		<wp:menu_order>0</wp:menu_order>
		<wp:post_type>page</wp:post_type>
		<wp:post_password></wp:post_password>
		<wp:is_sticky>0</wp:is_sticky>

		<wp:postmeta>
			<wp:meta_key>_edit_lock</wp:meta_key>
			<wp:meta_value><![CDATA[1765971516:1]]></wp:meta_value>
		</wp:postmeta>
		<wp:postmeta>
			<wp:meta_key>classic-editor-remember</wp:meta_key>
			<wp:meta_value><![CDATA[block-editor]]></wp:meta_value>
		</wp:postmeta>
	</item>
	<item>
		<title>Blueprint Creator</title>
		<link>http://localhost:8881/blueprint-creator/</link>
		<pubDate>So, 14 Dez 2025 17:05:56 +0000</pubDate>
		<dc:creator>admin</dc:creator>
		<guid isPermaLink="false">http://localhost:8881/blueprint-creator/</guid>
		<description></description>
		<content:encoded><![CDATA[        <div class="blueprint-library-grid" style="display: grid; grid-template-columns: repeat(auto-fill, minmax(300px, 1fr)); gap: 20px; margin: 20px 0;">
                                            <div class="blueprint-card" style="border: 1px solid #ddd; border-radius: 8px; padding: 20px; background: #fff; box-shadow: 0 2px 4px rgba(0,0,0,0.1);">
                    <h3 style="margin-top: 0;">My WordPress Website</h3>
                                            <p style="color: #666; font-size: 14px; margin: 5px 0;">📅 13.12.2025 19:50</p>
                                        
                                            <div style="margin: 15px 0;">
                            <a href="https://playground.wordpress.net/?blueprint-url=https://github.com/TIkolan/blueprint/blob/main/blueprint-bundle-1765655363.zip" target="_blank" class="button button-primary" style="width: 100%; text-align: center; margin-bottom: 10px;">
                                🚀 Im Playground öffnen                            </a>
                        </div>
                                        
                                            <div style="margin: 10px 0;">
                            <a href="https://github.com/TIkolan/blueprint/blob/main/blueprint-bundle-1765655363.zip" class="button" style="width: 100%; text-align: center;" download>
                                ⬇️ Bundle herunterladen                            </a>
                        </div>
                                        
                    <div style="margin-top: 15px; padding-top: 15px; border-top: 1px solid #eee;">
                        <button onclick="navigator.clipboard.writeText('https://playground.wordpress.net/?blueprint-url=https://github.com/TIkolan/blueprint/blob/main/blueprint-bundle-1765655363.zip'); alert('Link kopiert!');" class="button button-small" style="width: 100%;">
                            📋 Link kopieren                        </button>
                    </div>
                </div>
                    </div>
        
]]></content:encoded>
		<excerpt:encoded><![CDATA[]]></excerpt:encoded>

		<wp:post_id>730</wp:post_id>
		<wp:post_date>2025-12-14 17:05:56</wp:post_date>
		<wp:post_date_gmt>2025-12-14 17:05:56</wp:post_date_gmt>
		<wp:comment_status>closed</wp:comment_status>
		<wp:ping_status>closed</wp:ping_status>
		<wp:post_name>blueprint-creator</wp:post_name>
		<wp:status>publish</wp:status>
		<wp:post_parent>0</wp:post_parent>
		<wp:menu_order>0</wp:menu_order>
		<wp:post_type>page</wp:post_type>
		<wp:post_password></wp:post_password>
		<wp:is_sticky>0</wp:is_sticky>

		<wp:postmeta>
			<wp:meta_key>_edit_lock</wp:meta_key>
			<wp:meta_value><![CDATA[1765751416:1]]></wp:meta_value>
		</wp:postmeta>
		<wp:postmeta>
			<wp:meta_key>classic-editor-remember</wp:meta_key>
			<wp:meta_value><![CDATA[block-editor]]></wp:meta_value>
		</wp:postmeta>
		<wp:postmeta>
			<wp:meta_key>_edit_last</wp:meta_key>
			<wp:meta_value><![CDATA[1]]></wp:meta_value>
		</wp:postmeta>
		<wp:postmeta>
			<wp:meta_key>_label_quantity</wp:meta_key>
			<wp:meta_value><![CDATA[1]]></wp:meta_value>
		</wp:postmeta>
		<wp:postmeta>
			<wp:meta_key>_mel_protected</wp:meta_key>
			<wp:meta_value><![CDATA[0]]></wp:meta_value>
		</wp:postmeta>
		<wp:postmeta>
			<wp:meta_key>_mel_allowed_roles</wp:meta_key>
			<wp:meta_value><![CDATA[a:6:{i:0;s:13:"administrator";i:1;s:6:"editor";i:2;s:6:"author";i:3;s:11:"contributor";i:4;s:10:"subscriber";i:5;s:8:"mitglied";}]]></wp:meta_value>
		</wp:postmeta>
	</item>
</channel>
</rss>
