{
    "$schema": "https://playground.wordpress.net/blueprint-schema.json",
    "login": true,
    "siteOptions": {
        "blogname": "My WordPress Website"
    },
    "steps": [
        {
            "step": "setSiteLanguage",
            "language": "de_AT"
        },
        {
            "step": "installPlugin",
            "pluginData": {
                "resource": "bundled",
                "path": "/blueprintcreator-1765745103.zip"
            },
            "options": {
                "activate": true
            }
        },
        {
            "step": "installPlugin",
            "pluginData": {
                "resource": "bundled",
                "path": "/githubuploader-1765745103.zip"
            },
            "options": {
                "activate": true
            }
        },
        {
            "step": "importWxr",
            "file": {
                "resource": "bundled",
                "path": "/export-content-1765745103.xml"
            }
        },
        {
            "step": "importWxr",
            "file": {
                "resource": "bundled",
                "path": "/export-fse-1765745103.xml"
            }
        },
        {
            "step": "runPHP",
            "code": "<?php\n/**\n * Register imported FSE templates with the active theme\n * This ensures templates appear in the Site Editor\n */\n\n// Ensure WordPress is loaded\nrequire_once 'wordpress/wp-load.php';\n\n// Get current theme slug\n$theme_slug = wp_get_theme()->get_stylesheet();\n\n// Get all imported FSE posts\n$fse_post_types = ['wp_template', 'wp_template_part', 'wp_navigation', 'wp_global_styles', 'wp_block'];\n\nforeach ($fse_post_types as $post_type) {\n    $posts = get_posts([\n        'post_type' => $post_type,\n        'post_status' => 'any',\n        'posts_per_page' => -1,\n        'fields' => 'ids'\n    ]);\n    \n    foreach ($posts as $post_id) {\n        $post = get_post($post_id);\n        \n        // Update the theme meta to link template to current theme\n        if ($post_type === 'wp_template' || $post_type === 'wp_template_part') {\n            update_post_meta($post_id, 'theme', $theme_slug);\n            \n            // Ensure wp:theme attribute in post content is updated\n            if (!empty($post->post_content)) {\n                $content = $post->post_content;\n                \n                // Update theme attribute in wp:template or wp:template-part blocks\n                $content = preg_replace(\n                    '/\"theme\":\"[^\"]*\"/',\n                    '\"theme\":\"' . $theme_slug . '\"',\n                    $content\n                );\n                \n                if ($content !== $post->post_content) {\n                    wp_update_post([\n                        'ID' => $post_id,\n                        'post_content' => $content\n                    ]);\n                }\n            }\n        }\n        \n        // For wp_navigation, ensure it's properly formatted and published\n        if ($post_type === 'wp_navigation') {\n            $updated = false;\n            $content = $post->post_content;\n            \n            // Ensure the content starts with <!-- wp:navigation\n            if (!empty($content) && strpos($content, '<!-- wp:navigation') === false) {\n                // Wrap content in navigation block if it's not already\n                if (strpos($content, '<!-- wp:') !== false) {\n                    // Content has blocks, wrap them in navigation\n                    $content = '<!-- wp:navigation {\"ref\":' . $post_id . '} /-->';\n                }\n                $updated = true;\n            }\n            \n            // Ensure it's published\n            if ($post->post_status !== 'publish') {\n                wp_update_post([\n                    'ID' => $post_id,\n                    'post_status' => 'publish',\n                    'post_content' => $updated ? $content : $post->post_content\n                ]);\n            } else if ($updated) {\n                wp_update_post([\n                    'ID' => $post_id,\n                    'post_content' => $content\n                ]);\n            }\n            \n            // Set the navigation meta\n            update_post_meta($post_id, '_wp_navigation_type', 'block');\n        }\n        \n        // For wp_global_styles, link to theme\n        if ($post_type === 'wp_global_styles') {\n            update_post_meta($post_id, 'theme', $theme_slug);\n            \n            // Ensure this is the active global styles\n            if ($post->post_status !== 'publish') {\n                wp_update_post([\n                    'ID' => $post_id,\n                    'post_status' => 'publish'\n                ]);\n            }\n        }\n    }\n}\n\n// Clear template cache\nwp_cache_flush();\n\n// Clear theme transients\ndelete_transient('theme_roots');\ndelete_transient('global_styles_' . $theme_slug);\n\necho \"✓ FSE templates registered with theme: {$theme_slug}\\n\";\necho \"✓ Total FSE items processed: \" . array_sum(array_map('count', array_map(function($pt) {\n    return get_posts(['post_type' => $pt, 'posts_per_page' => -1, 'fields' => 'ids']);\n}, $fse_post_types))) . \"\\n\";\n\n// List navigation menus\n$nav_menus = get_posts(['post_type' => 'wp_navigation', 'posts_per_page' => -1]);\nif (!empty($nav_menus)) {\n    echo \"✓ Navigation menus registered:\\n\";\n    foreach ($nav_menus as $nav) {\n        echo \"  - \" . $nav->post_title . \" (ID: \" . $nav->ID . \")\\n\";\n    }\n}\n?>"
        },
        {
            "step": "unzip",
            "zipFile": {
                "resource": "bundled",
                "path": "/media-1765745103.zip"
            },
            "extractToPath": "/wordpress/wp-content/uploads/import"
        },
        {
            "step": "runPHP",
            "code": "<?php\nrequire_once '/wordpress/wp-load.php';\nrequire_once '/wordpress/wp-admin/includes/image.php';\nrequire_once '/wordpress/wp-admin/includes/file.php';\nrequire_once '/wordpress/wp-admin/includes/media.php';\n\n$import_dir = '/wordpress/wp-content/uploads/import';\n$media_info_file = $import_dir . '/media-info.json';\n\nif (file_exists($media_info_file)) {\n    $media_info = json_decode(file_get_contents($media_info_file), true);\n    \n    foreach ($media_info as $media) {\n        $file_path = $import_dir . '/' . $media['file'];\n        \n        if (!file_exists($file_path)) {\n            continue;\n        }\n        \n        // Target path in uploads directory\n        $target_path = '/wordpress/wp-content/uploads/' . $media['file'];\n        $target_dir = dirname($target_path);\n        \n        // Create directory if needed\n        if (!file_exists($target_dir)) {\n            wp_mkdir_p($target_dir);\n        }\n        \n        // Copy file to target location\n        copy($file_path, $target_path);\n        \n        // Insert attachment\n        $attachment = array(\n            'post_mime_type' => $media['mime_type'],\n            'post_title' => $media['title'],\n            'post_content' => $media['description'],\n            'post_excerpt' => $media['caption'],\n            'post_status' => 'inherit'\n        );\n        \n        $attach_id = wp_insert_attachment($attachment, $target_path);\n        \n        if ($attach_id) {\n            // Generate attachment metadata\n            $attach_data = wp_generate_attachment_metadata($attach_id, $target_path);\n            wp_update_attachment_metadata($attach_id, $attach_data);\n            \n            // Set alt text\n            if (!empty($media['alt'])) {\n                update_post_meta($attach_id, '_wp_attachment_image_alt', $media['alt']);\n            }\n            \n            echo \"Imported: \" . $media['title'] . \" (ID: $attach_id)\\n\";\n        }\n    }\n} else {\n    // Fallback: Import all files from import directory\n    $files = glob($import_dir . '/*');\n    \n    foreach ($files as $file) {\n        if (is_file($file) && basename($file) !== 'media-info.json') {\n            $filetype = wp_check_filetype(basename($file), null);\n            $attachment = array(\n                'post_mime_type' => $filetype['type'],\n                'post_title' => preg_replace('/\\.[^.]+$/', '', basename($file)),\n                'post_content' => '',\n                'post_status' => 'inherit'\n            );\n            \n            $attach_id = wp_insert_attachment($attachment, $file);\n            \n            if ($attach_id) {\n                $attach_data = wp_generate_attachment_metadata($attach_id, $file);\n                wp_update_attachment_metadata($attach_id, $attach_data);\n                \n                echo \"Imported: \" . basename($file) . \" (ID: $attach_id)\\n\";\n            }\n        }\n    }\n}\n\n// Clean up import directory\nfunction delete_import_dir($dir) {\n    if (!file_exists($dir)) return;\n    \n    $files = array_diff(scandir($dir), array('.', '..'));\n    foreach ($files as $file) {\n        $path = $dir . '/' . $file;\n        is_dir($path) ? delete_import_dir($path) : unlink($path);\n    }\n    rmdir($dir);\n}\n\ndelete_import_dir($import_dir);\n?>"
        },
        {
            "step": "runPHP",
            "code": "<?php\nupdate_option('permalink_structure', '/%postname%/');\nflush_rewrite_rules();\nupdate_option('default_comment_status', 'closed');\nupdate_option('default_ping_status', 'closed');\n?>"
        },
        {
            "step": "runPHP",
            "code": "<?php\n// Create user: autor\nif (!username_exists('autor') && !email_exists('autor@vorne.at')) {\n    $user_id = wp_create_user('autor', 'passwort', 'autor@vorne.at');\n    if (!\\is_wp_error($user_id)) {\n        $user = new WP_User($user_id);\n        $user->set_role('author');\n        echo \"✓ User created: autor (Role: author)\\n\";\n    }\n}\n?>"
        }
    ]
}