<?xml version="1.0" encoding="UTF-8"?>
<rss version="2.0"
	xmlns:excerpt="http://wordpress.org/export/1.2/excerpt/"
	xmlns:content="http://purl.org/rss/1.0/modules/content/"
	xmlns:wfw="http://wellformedweb.org/CommentAPI/"
	xmlns:dc="http://purl.org/dc/elements/1.1/"
	xmlns:wp="http://wordpress.org/export/1.2/"
>
<channel>
	<title>My WordPress Website</title>
	<link>http://localhost:8881</link>
	<description></description>
	<pubDate>Sun, 14 Dec 2025 20:45:03 +0000</pubDate>
	<language>de-AT</language>
	<wp:wxr_version>1.2</wp:wxr_version>
	<wp:base_site_url>http://localhost:8881</wp:base_site_url>
	<wp:base_blog_url>http://localhost:8881</wp:base_blog_url>

	<item>
		<title>franzgpx</title>
		<link>http://localhost:8881/franzgpx/</link>
		<pubDate>So, 30 Nov 2025 10:22:39 +0000</pubDate>
		<dc:creator>admin</dc:creator>
		<guid isPermaLink="false">http://localhost:8881/franzgpx/</guid>
		<description></description>
		<content:encoded><![CDATA[]]></content:encoded>
		<excerpt:encoded><![CDATA[]]></excerpt:encoded>

		<wp:post_id>560</wp:post_id>
		<wp:post_date>2025-11-30 10:22:39</wp:post_date>
		<wp:post_date_gmt>2025-11-30 10:22:39</wp:post_date_gmt>
		<wp:comment_status>open</wp:comment_status>
		<wp:ping_status>open</wp:ping_status>
		<wp:post_name>franzgpx</wp:post_name>
		<wp:status>publish</wp:status>
		<wp:post_parent>0</wp:post_parent>
		<wp:menu_order>0</wp:menu_order>
		<wp:post_type>post</wp:post_type>
		<wp:post_password></wp:post_password>
		<wp:is_sticky>0</wp:is_sticky>

		<category domain="category" nicename="uncategorized">Uncategorized</category>
		<wp:postmeta>
			<wp:meta_key>classic-editor-remember</wp:meta_key>
			<wp:meta_value><![CDATA[classic-editor]]></wp:meta_value>
		</wp:postmeta>
		<wp:postmeta>
			<wp:meta_key>_edit_lock</wp:meta_key>
			<wp:meta_value><![CDATA[1764701286:1]]></wp:meta_value>
		</wp:postmeta>
		<wp:postmeta>
			<wp:meta_key>_edit_last</wp:meta_key>
			<wp:meta_value><![CDATA[1]]></wp:meta_value>
		</wp:postmeta>
		<wp:postmeta>
			<wp:meta_key>_wp_page_template</wp:meta_key>
			<wp:meta_value><![CDATA[default]]></wp:meta_value>
		</wp:postmeta>
		<wp:postmeta>
			<wp:meta_key>_gpx2_file_id</wp:meta_key>
			<wp:meta_value><![CDATA[617]]></wp:meta_value>
		</wp:postmeta>
		<wp:postmeta>
			<wp:meta_key>_mel_protected</wp:meta_key>
			<wp:meta_value><![CDATA[0]]></wp:meta_value>
		</wp:postmeta>
		<wp:postmeta>
			<wp:meta_key>_mel_allowed_roles</wp:meta_key>
			<wp:meta_value><![CDATA[a:6:{i:0;s:13:"administrator";i:1;s:6:"editor";i:2;s:6:"author";i:3;s:11:"contributor";i:4;s:10:"subscriber";i:5;s:8:"mitglied";}]]></wp:meta_value>
		</wp:postmeta>
	</item>
	<item>
		<title>test</title>
		<link>http://localhost:8881/test-2/</link>
		<pubDate>Do, 20 Nov 2025 21:03:06 +0000</pubDate>
		<dc:creator>admin</dc:creator>
		<guid isPermaLink="false">http://localhost:8881/test-2/</guid>
		<description></description>
		<content:encoded><![CDATA[
<p>dfsa dsf dfs sdf adsfas fasdf afda sf asd</p>



<p>kjköjöjökj</p>



<ul class="wp-block-list">
<li>ein</li>



<li>zwei</li>



<li></li>
</ul>



<div class="wp-block-media-text is-stacked-on-mobile"><figure class="wp-block-media-text__media"><img loading="lazy" decoding="async" width="299" height="168" src="http://localhost:8881/wp-content/uploads/2025/11/images-1.jpeg" alt="" class="wp-image-322 size-full"/></figure><div class="wp-block-media-text__content">
<p>dfsafdasadf</p>
</div></div>
]]></content:encoded>
		<excerpt:encoded><![CDATA[]]></excerpt:encoded>

		<wp:post_id>306</wp:post_id>
		<wp:post_date>2025-11-20 21:03:06</wp:post_date>
		<wp:post_date_gmt>2025-11-20 21:03:06</wp:post_date_gmt>
		<wp:comment_status>open</wp:comment_status>
		<wp:ping_status>open</wp:ping_status>
		<wp:post_name>test-2</wp:post_name>
		<wp:status>publish</wp:status>
		<wp:post_parent>0</wp:post_parent>
		<wp:menu_order>0</wp:menu_order>
		<wp:post_type>post</wp:post_type>
		<wp:post_password></wp:post_password>
		<wp:is_sticky>0</wp:is_sticky>

		<category domain="category" nicename="uncategorized">Uncategorized</category>
		<wp:postmeta>
			<wp:meta_key>requestbf</wp:meta_key>
			<wp:meta_value><![CDATA[-]]></wp:meta_value>
		</wp:postmeta>
		<wp:postmeta>
			<wp:meta_key>classic-editor-remember</wp:meta_key>
			<wp:meta_value><![CDATA[block-editor]]></wp:meta_value>
		</wp:postmeta>
		<wp:postmeta>
			<wp:meta_key>_edit_lock</wp:meta_key>
			<wp:meta_value><![CDATA[1763791737:1]]></wp:meta_value>
		</wp:postmeta>
		<wp:postmeta>
			<wp:meta_key>_edit_last</wp:meta_key>
			<wp:meta_value><![CDATA[1]]></wp:meta_value>
		</wp:postmeta>
		<wp:postmeta>
			<wp:meta_key>_gpx2_file_id</wp:meta_key>
			<wp:meta_value><![CDATA[]]></wp:meta_value>
		</wp:postmeta>
	</item>
	<item>
		<title>My Bookings</title>
		<link>http://localhost:8881/events/my-bookings/</link>
		<pubDate>So, 07 Dez 2025 18:24:01 +0000</pubDate>
		<dc:creator>admin</dc:creator>
		<guid isPermaLink="false">http://localhost:8881/events/my-bookings/</guid>
		<description></description>
		<content:encoded><![CDATA[<p>CONTENTS</p>
]]></content:encoded>
		<excerpt:encoded><![CDATA[]]></excerpt:encoded>

		<wp:post_id>690</wp:post_id>
		<wp:post_date>2025-12-07 18:24:01</wp:post_date>
		<wp:post_date_gmt>2025-12-07 18:24:01</wp:post_date_gmt>
		<wp:comment_status>closed</wp:comment_status>
		<wp:ping_status>open</wp:ping_status>
		<wp:post_name>my-bookings</wp:post_name>
		<wp:status>publish</wp:status>
		<wp:post_parent>686</wp:post_parent>
		<wp:menu_order>0</wp:menu_order>
		<wp:post_type>page</wp:post_type>
		<wp:post_password></wp:post_password>
		<wp:is_sticky>0</wp:is_sticky>

	</item>
	<item>
		<title>Locations</title>
		<link>http://localhost:8881/events/locations/</link>
		<pubDate>So, 07 Dez 2025 18:24:01 +0000</pubDate>
		<dc:creator>admin</dc:creator>
		<guid isPermaLink="false">http://localhost:8881/events/locations/</guid>
		<description></description>
		<content:encoded><![CDATA[<p>CONTENTS</p>
]]></content:encoded>
		<excerpt:encoded><![CDATA[]]></excerpt:encoded>

		<wp:post_id>687</wp:post_id>
		<wp:post_date>2025-12-07 18:24:01</wp:post_date>
		<wp:post_date_gmt>2025-12-07 18:24:01</wp:post_date_gmt>
		<wp:comment_status>closed</wp:comment_status>
		<wp:ping_status>open</wp:ping_status>
		<wp:post_name>locations</wp:post_name>
		<wp:status>publish</wp:status>
		<wp:post_parent>686</wp:post_parent>
		<wp:menu_order>0</wp:menu_order>
		<wp:post_type>page</wp:post_type>
		<wp:post_password></wp:post_password>
		<wp:is_sticky>0</wp:is_sticky>

	</item>
</channel>
</rss>
