{
    "$schema": "https://playground.wordpress.net/blueprint-schema.json",
    "login": true,
    "siteOptions": {
        "blogname": "My WordPress Website"
    },
    "steps": [
        {
            "step": "setSiteLanguage",
            "language": "de_AT"
        },
        {
            "step": "installPlugin",
            "pluginData": {
                "resource": "bundled",
                "path": "/blueprintcreator-1765370704.zip"
            },
            "options": {
                "activate": true
            }
        }
    ]
}