<?xml version="1.0" encoding="UTF-8"?>
<rss version="2.0"
	xmlns:excerpt="http://wordpress.org/export/1.2/excerpt/"
	xmlns:content="http://purl.org/rss/1.0/modules/content/"
	xmlns:wfw="http://wellformedweb.org/CommentAPI/"
	xmlns:dc="http://purl.org/dc/elements/1.1/"
	xmlns:wp="http://wordpress.org/export/1.2/"
>
<channel>
	<title>Meine Test-Website</title>
	<link>http://localhost:8881</link>
	<description></description>
	<pubDate>Sun, 04 Jan 2026 12:50:25 +0000</pubDate>
	<language>de-AT</language>
	<wp:wxr_version>1.2</wp:wxr_version>
	<wp:base_site_url>http://localhost:8881</wp:base_site_url>
	<wp:base_blog_url>http://localhost:8881</wp:base_blog_url>

	<item>
		<title>Präsentation D</title>
		<link>http://localhost:8881/praesentation-d/</link>
		<pubDate>Sa, 03 Jän 2026 21:43:43 +0000</pubDate>
		<dc:creator>admin</dc:creator>
		<guid isPermaLink="false">http://localhost:8881/praesentation-d/</guid>
		<description></description>
		<content:encoded><![CDATA[
<div class="presentation-wrapper" id="presentation-929">
    <div 
        class="presentation-container" 
        data-presentation-id="929"
        data-presentation-options='{"slides":[{"type":"live_wp","animation":"fade","cursor_style":"default","fullscreen":"inherit","auto_advance":true,"duration":8,"audio_url":"","subtitle_rules":[{"type":"time","action":"4","text":"nach 4 skunden n\u00e4chste Slide"},{"type":"start","action":"","text":"starte"}],"subtitle_position":"bottom","live_wp_type":"page","page_id":"848","admin_url":"\/wp-admin\/","url":""},{"type":"content","animation":"fade","cursor_style":"default","fullscreen":"inherit","auto_advance":true,"duration":12,"audio_url":"","subtitle_rules":[{"type":"time","action":"4","text":"4 sekunden"},{"type":"time","action":"8","text":"8 sekunden"},{"type":"start","action":"","text":"starttext"}],"subtitle_position":"bottom","content":"test text"}],"settings":{"default_fullscreen":"fullscreen","show_controls":"always","show_progress":"1","keyboard_navigation":"1","mouse_navigation":"1","loop":"1"}}'
    >
        <!-- Wird von JavaScript gefüllt -->
    </div>
</div>

<script>
jQuery(document).ready(function($) {
    // Zusätzliche Initialisierung falls nötig
    var presentationData = {
        ajax_url: 'http://localhost:8881/wp-admin/admin-ajax.php',
        site_url: 'http://localhost:8881',
        nonce: '9caa416311'
    };
    
    // Global verfügbar machen
    window.presentationData = presentationData;
});
</script>

<style>
/* Zusätzliche Template-spezifische Styles */
.presentation-wrapper {
    margin: 40px 0;
}
</style>
]]></content:encoded>
		<excerpt:encoded><![CDATA[]]></excerpt:encoded>

		<wp:post_id>930</wp:post_id>
		<wp:post_date>2026-01-03 21:43:43</wp:post_date>
		<wp:post_date_gmt>2026-01-03 21:43:43</wp:post_date_gmt>
		<wp:comment_status>closed</wp:comment_status>
		<wp:ping_status>closed</wp:ping_status>
		<wp:post_name>praesentation-d</wp:post_name>
		<wp:status>publish</wp:status>
		<wp:post_parent>0</wp:post_parent>
		<wp:menu_order>0</wp:menu_order>
		<wp:post_type>page</wp:post_type>
		<wp:post_password></wp:post_password>
		<wp:is_sticky>0</wp:is_sticky>

		<wp:postmeta>
			<wp:meta_key>_edit_lock</wp:meta_key>
			<wp:meta_value><![CDATA[1767478304:1]]></wp:meta_value>
		</wp:postmeta>
	</item>
	<item>
		<title>Präsentation A</title>
		<link>http://localhost:8881/prasentation-a/</link>
		<pubDate>Do, 01 Jän 2026 17:03:21 +0000</pubDate>
		<dc:creator>admin</dc:creator>
		<guid isPermaLink="false">http://localhost:8881/prasentation-a/</guid>
		<description></description>
		<content:encoded><![CDATA[
<p></p>



<div class="presentation-wrapper" id="presentation-947">
    <div 
        class="presentation-container" 
        data-presentation-id="947"
        data-presentation-options='{"slides":[{"type":"live_wp","animation":"slide-left","cursor_style":"default","fullscreen":"inherit","auto_advance":false,"duration":0,"audio_url":"","subtitle_rules":[{"type":"start","action":"","text":"Eine Seite dieses WordPres "}],"subtitle_position":"bottom","live_wp_type":"page","page_id":"860","admin_url":"\/wp-admin\/","url":""},{"type":"content","animation":"fade","cursor_style":"default","fullscreen":"inherit","auto_advance":false,"duration":0,"audio_url":"","subtitle_rules":[{"type":"start","action":"","text":"einfacher Text Slide"}],"subtitle_position":"bottom","content":"das ist reine Textanzeige"},{"type":"image","animation":"fade","cursor_style":"default","fullscreen":"inherit","auto_advance":false,"duration":0,"audio_url":"","subtitle_rules":[{"type":"start","action":"","text":"ein Bild aus der Mediathek"}],"subtitle_position":"bottom","image_url":"http:\/\/localhost:8881\/wp-content\/uploads\/2025\/11\/DSC_0439.jpg"},{"type":"pdf","animation":"fade","cursor_style":"default","fullscreen":"inherit","auto_advance":false,"duration":0,"audio_url":"","subtitle_rules":[{"type":"start","action":"","text":"ein PDF von URL"}],"subtitle_position":"bottom","pdf_url":"https:\/\/www.wieser.at\/wp-content\/uploads\/2025\/12\/ANLEITUNG-1.pdf"},{"type":"external","animation":"fade","cursor_style":"default","fullscreen":"inherit","auto_advance":false,"duration":0,"audio_url":"","subtitle_rules":[{"type":"start","action":"","text":"eine externe Website"}],"subtitle_position":"bottom","url":"https:\/\/www.wieser.at"}],"settings":{"default_fullscreen":"fullscreen","show_controls":"always","show_progress":"1","keyboard_navigation":"1","mouse_navigation":"1"}}'
    >
        <!-- Wird von JavaScript gefüllt -->
    </div>
</div>

<script>
jQuery(document).ready(function($) {
    // Zusätzliche Initialisierung falls nötig
    var presentationData = {
        ajax_url: 'http://localhost:8881/wp-admin/admin-ajax.php',
        site_url: 'http://localhost:8881',
        nonce: '9caa416311'
    };
    
    // Global verfügbar machen
    window.presentationData = presentationData;
});
</script>

<style>
/* Zusätzliche Template-spezifische Styles */
.presentation-wrapper {
    margin: 40px 0;
}
</style>
]]></content:encoded>
		<excerpt:encoded><![CDATA[]]></excerpt:encoded>

		<wp:post_id>904</wp:post_id>
		<wp:post_date>2026-01-01 17:03:21</wp:post_date>
		<wp:post_date_gmt>2026-01-01 17:03:21</wp:post_date_gmt>
		<wp:comment_status>closed</wp:comment_status>
		<wp:ping_status>closed</wp:ping_status>
		<wp:post_name>prasentation-a</wp:post_name>
		<wp:status>publish</wp:status>
		<wp:post_parent>0</wp:post_parent>
		<wp:menu_order>0</wp:menu_order>
		<wp:post_type>page</wp:post_type>
		<wp:post_password></wp:post_password>
		<wp:is_sticky>0</wp:is_sticky>

		<wp:postmeta>
			<wp:meta_key>_edit_lock</wp:meta_key>
			<wp:meta_value><![CDATA[1767530663:1]]></wp:meta_value>
		</wp:postmeta>
		<wp:postmeta>
			<wp:meta_key>classic-editor-remember</wp:meta_key>
			<wp:meta_value><![CDATA[block-editor]]></wp:meta_value>
		</wp:postmeta>
	</item>
	<item>
		<title>Präsentation B</title>
		<link>http://localhost:8881/presentations/praesentation-b/</link>
		<pubDate>So, 04 Jän 2026 12:41:19 +0000</pubDate>
		<dc:creator>admin</dc:creator>
		<guid isPermaLink="false">http://localhost:8881/presentations/praesentation-b/</guid>
		<description></description>
		<content:encoded><![CDATA[]]></content:encoded>
		<excerpt:encoded><![CDATA[]]></excerpt:encoded>

		<wp:post_id>949</wp:post_id>
		<wp:post_date>2026-01-04 12:41:19</wp:post_date>
		<wp:post_date_gmt>2026-01-04 12:41:19</wp:post_date_gmt>
		<wp:comment_status>closed</wp:comment_status>
		<wp:ping_status>closed</wp:ping_status>
		<wp:post_name>praesentation-b</wp:post_name>
		<wp:status>publish</wp:status>
		<wp:post_parent>0</wp:post_parent>
		<wp:menu_order>0</wp:menu_order>
		<wp:post_type>presentation</wp:post_type>
		<wp:post_password></wp:post_password>
		<wp:is_sticky>0</wp:is_sticky>

		<wp:postmeta>
			<wp:meta_key>_edit_lock</wp:meta_key>
			<wp:meta_value><![CDATA[1767530502:1]]></wp:meta_value>
		</wp:postmeta>
		<wp:postmeta>
			<wp:meta_key>_edit_last</wp:meta_key>
			<wp:meta_value><![CDATA[1]]></wp:meta_value>
		</wp:postmeta>
		<wp:postmeta>
			<wp:meta_key>_wp_page_template</wp:meta_key>
			<wp:meta_value><![CDATA[default]]></wp:meta_value>
		</wp:postmeta>
		<wp:postmeta>
			<wp:meta_key>_presentation_slides</wp:meta_key>
			<wp:meta_value><![CDATA[a:2:{i:0;a:15:{s:4:"type";s:7:"live_wp";s:12:"live_wp_type";s:4:"page";s:7:"page_id";s:3:"860";s:9:"admin_url";s:10:"/wp-admin/";s:3:"url";s:0:"";s:7:"content";s:0:"";s:8:"image_id";s:0:"";s:7:"pdf_url";s:0:"";s:14:"subtitle_rules";a:3:{i:0;a:3:{s:4:"type";s:4:"time";s:6:"action";s:1:"4";s:4:"text";s:15:"nach 4 Sekunden";}i:1;a:3:{s:4:"type";s:4:"time";s:6:"action";s:1:"8";s:4:"text";s:15:"nach 8 Sekunden";}i:2;a:3:{s:4:"type";s:5:"start";s:6:"action";s:5:"Start";s:4:"text";s:20:"der Start Untertitel";}}s:17:"subtitle_position";s:6:"bottom";s:9:"animation";s:11:"slide-right";s:12:"cursor_style";s:7:"default";s:10:"fullscreen";s:7:"inherit";s:8:"duration";s:1:"0";s:9:"audio_url";s:0:"";}i:1;a:15:{s:4:"type";s:7:"content";s:12:"live_wp_type";s:4:"page";s:7:"page_id";s:0:"";s:9:"admin_url";s:10:"/wp-admin/";s:3:"url";s:0:"";s:7:"content";s:22:"und einfach Text Slide";s:8:"image_id";s:0:"";s:7:"pdf_url";s:0:"";s:14:"subtitle_rules";a:2:{i:0;a:3:{s:4:"type";s:4:"time";s:6:"action";s:1:"3";s:4:"text";s:15:"nach 3 Sekunden";}i:1;a:3:{s:4:"type";s:5:"start";s:6:"action";s:0:"";s:4:"text";s:16:"Start Untertitel";}}s:17:"subtitle_position";s:6:"bottom";s:9:"animation";s:4:"fade";s:12:"cursor_style";s:7:"default";s:10:"fullscreen";s:7:"inherit";s:8:"duration";s:1:"0";s:9:"audio_url";s:0:"";}}]]></wp:meta_value>
		</wp:postmeta>
		<wp:postmeta>
			<wp:meta_key>_presentation_settings</wp:meta_key>
			<wp:meta_value><![CDATA[a:5:{s:18:"default_fullscreen";s:10:"fullscreen";s:13:"show_controls";s:6:"always";s:13:"show_progress";s:1:"1";s:19:"keyboard_navigation";s:1:"1";s:16:"mouse_navigation";s:1:"1";}]]></wp:meta_value>
		</wp:postmeta>
	</item>
	<item>
		<title>Präsentation A</title>
		<link>http://localhost:8881/presentations/praesentation-a/</link>
		<pubDate>So, 04 Jän 2026 12:31:06 +0000</pubDate>
		<dc:creator>admin</dc:creator>
		<guid isPermaLink="false">http://localhost:8881/presentations/praesentation-a/</guid>
		<description></description>
		<content:encoded><![CDATA[]]></content:encoded>
		<excerpt:encoded><![CDATA[]]></excerpt:encoded>

		<wp:post_id>947</wp:post_id>
		<wp:post_date>2026-01-04 12:31:06</wp:post_date>
		<wp:post_date_gmt>2026-01-04 12:31:06</wp:post_date_gmt>
		<wp:comment_status>closed</wp:comment_status>
		<wp:ping_status>closed</wp:ping_status>
		<wp:post_name>praesentation-a</wp:post_name>
		<wp:status>publish</wp:status>
		<wp:post_parent>0</wp:post_parent>
		<wp:menu_order>0</wp:menu_order>
		<wp:post_type>presentation</wp:post_type>
		<wp:post_password></wp:post_password>
		<wp:is_sticky>0</wp:is_sticky>

		<wp:postmeta>
			<wp:meta_key>_edit_lock</wp:meta_key>
			<wp:meta_value><![CDATA[1767530272:1]]></wp:meta_value>
		</wp:postmeta>
		<wp:postmeta>
			<wp:meta_key>_edit_last</wp:meta_key>
			<wp:meta_value><![CDATA[1]]></wp:meta_value>
		</wp:postmeta>
		<wp:postmeta>
			<wp:meta_key>_wp_page_template</wp:meta_key>
			<wp:meta_value><![CDATA[default]]></wp:meta_value>
		</wp:postmeta>
		<wp:postmeta>
			<wp:meta_key>_presentation_slides</wp:meta_key>
			<wp:meta_value><![CDATA[a:5:{i:0;a:15:{s:4:"type";s:7:"live_wp";s:12:"live_wp_type";s:4:"page";s:7:"page_id";s:3:"860";s:9:"admin_url";s:10:"/wp-admin/";s:3:"url";s:0:"";s:7:"content";s:0:"";s:8:"image_id";s:0:"";s:7:"pdf_url";s:0:"";s:14:"subtitle_rules";a:1:{i:0;a:3:{s:4:"type";s:5:"start";s:6:"action";s:0:"";s:4:"text";s:27:"Eine Seite dieses WordPres ";}}s:17:"subtitle_position";s:6:"bottom";s:9:"animation";s:10:"slide-left";s:12:"cursor_style";s:7:"default";s:10:"fullscreen";s:7:"inherit";s:8:"duration";s:1:"0";s:9:"audio_url";s:0:"";}i:1;a:15:{s:4:"type";s:7:"content";s:12:"live_wp_type";s:4:"page";s:7:"page_id";s:0:"";s:9:"admin_url";s:10:"/wp-admin/";s:3:"url";s:0:"";s:7:"content";s:25:"das ist reine Textanzeige";s:8:"image_id";s:0:"";s:7:"pdf_url";s:0:"";s:14:"subtitle_rules";a:1:{i:0;a:3:{s:4:"type";s:5:"start";s:6:"action";s:0:"";s:4:"text";s:20:"einfacher Text Slide";}}s:17:"subtitle_position";s:6:"bottom";s:9:"animation";s:4:"fade";s:12:"cursor_style";s:7:"default";s:10:"fullscreen";s:7:"inherit";s:8:"duration";s:1:"0";s:9:"audio_url";s:0:"";}i:2;a:15:{s:4:"type";s:5:"image";s:12:"live_wp_type";s:4:"page";s:7:"page_id";s:0:"";s:9:"admin_url";s:10:"/wp-admin/";s:3:"url";s:0:"";s:7:"content";s:0:"";s:8:"image_id";s:3:"576";s:7:"pdf_url";s:0:"";s:14:"subtitle_rules";a:1:{i:0;a:3:{s:4:"type";s:5:"start";s:6:"action";s:0:"";s:4:"text";s:26:"ein Bild aus der Mediathek";}}s:17:"subtitle_position";s:6:"bottom";s:9:"animation";s:4:"fade";s:12:"cursor_style";s:7:"default";s:10:"fullscreen";s:7:"inherit";s:8:"duration";s:1:"0";s:9:"audio_url";s:0:"";}i:3;a:15:{s:4:"type";s:3:"pdf";s:12:"live_wp_type";s:4:"page";s:7:"page_id";s:0:"";s:9:"admin_url";s:10:"/wp-admin/";s:3:"url";s:0:"";s:7:"content";s:0:"";s:8:"image_id";s:0:"";s:7:"pdf_url";s:64:"https://www.wieser.at/wp-content/uploads/2025/12/ANLEITUNG-1.pdf";s:14:"subtitle_rules";a:1:{i:0;a:3:{s:4:"type";s:5:"start";s:6:"action";s:0:"";s:4:"text";s:15:"ein PDF von URL";}}s:17:"subtitle_position";s:6:"bottom";s:9:"animation";s:4:"fade";s:12:"cursor_style";s:7:"default";s:10:"fullscreen";s:7:"inherit";s:8:"duration";s:1:"0";s:9:"audio_url";s:0:"";}i:4;a:15:{s:4:"type";s:8:"external";s:12:"live_wp_type";s:4:"page";s:7:"page_id";s:0:"";s:9:"admin_url";s:10:"/wp-admin/";s:3:"url";s:21:"https://www.wieser.at";s:7:"content";s:0:"";s:8:"image_id";s:0:"";s:7:"pdf_url";s:0:"";s:14:"subtitle_rules";a:1:{i:0;a:3:{s:4:"type";s:5:"start";s:6:"action";s:0:"";s:4:"text";s:20:"eine externe Website";}}s:17:"subtitle_position";s:6:"bottom";s:9:"animation";s:4:"fade";s:12:"cursor_style";s:7:"default";s:10:"fullscreen";s:7:"inherit";s:8:"duration";s:1:"0";s:9:"audio_url";s:0:"";}}]]></wp:meta_value>
		</wp:postmeta>
		<wp:postmeta>
			<wp:meta_key>_presentation_settings</wp:meta_key>
			<wp:meta_value><![CDATA[a:5:{s:18:"default_fullscreen";s:10:"fullscreen";s:13:"show_controls";s:6:"always";s:13:"show_progress";s:1:"1";s:19:"keyboard_navigation";s:1:"1";s:16:"mouse_navigation";s:1:"1";}]]></wp:meta_value>
		</wp:postmeta>
	</item>
	<item>
		<title>Präsentation D</title>
		<link>http://localhost:8881/presentations/praesentation-d/</link>
		<pubDate>Sa, 03 Jän 2026 21:25:09 +0000</pubDate>
		<dc:creator>admin</dc:creator>
		<guid isPermaLink="false">http://localhost:8881/presentations/praesentation-d/</guid>
		<description></description>
		<content:encoded><![CDATA[]]></content:encoded>
		<excerpt:encoded><![CDATA[]]></excerpt:encoded>

		<wp:post_id>929</wp:post_id>
		<wp:post_date>2026-01-03 21:25:09</wp:post_date>
		<wp:post_date_gmt>2026-01-03 21:25:09</wp:post_date_gmt>
		<wp:comment_status>closed</wp:comment_status>
		<wp:ping_status>closed</wp:ping_status>
		<wp:post_name>praesentation-d</wp:post_name>
		<wp:status>publish</wp:status>
		<wp:post_parent>0</wp:post_parent>
		<wp:menu_order>0</wp:menu_order>
		<wp:post_type>presentation</wp:post_type>
		<wp:post_password></wp:post_password>
		<wp:is_sticky>0</wp:is_sticky>

		<wp:postmeta>
			<wp:meta_key>_edit_lock</wp:meta_key>
			<wp:meta_value><![CDATA[1767530507:1]]></wp:meta_value>
		</wp:postmeta>
		<wp:postmeta>
			<wp:meta_key>_edit_last</wp:meta_key>
			<wp:meta_value><![CDATA[1]]></wp:meta_value>
		</wp:postmeta>
		<wp:postmeta>
			<wp:meta_key>_wp_page_template</wp:meta_key>
			<wp:meta_value><![CDATA[default]]></wp:meta_value>
		</wp:postmeta>
		<wp:postmeta>
			<wp:meta_key>_presentation_settings</wp:meta_key>
			<wp:meta_value><![CDATA[a:6:{s:18:"default_fullscreen";s:10:"fullscreen";s:13:"show_controls";s:6:"always";s:13:"show_progress";s:1:"1";s:19:"keyboard_navigation";s:1:"1";s:16:"mouse_navigation";s:1:"1";s:4:"loop";s:1:"1";}]]></wp:meta_value>
		</wp:postmeta>
		<wp:postmeta>
			<wp:meta_key>_presentation_slides</wp:meta_key>
			<wp:meta_value><![CDATA[a:2:{i:0;a:16:{s:4:"type";s:7:"live_wp";s:12:"live_wp_type";s:4:"page";s:7:"page_id";s:3:"848";s:9:"admin_url";s:10:"/wp-admin/";s:3:"url";s:0:"";s:7:"content";s:0:"";s:8:"image_id";s:0:"";s:7:"pdf_url";s:0:"";s:14:"subtitle_rules";a:2:{i:0;a:3:{s:4:"type";s:4:"time";s:6:"action";s:1:"4";s:4:"text";s:29:"nach 4 skunden nächste Slide";}i:1;a:3:{s:4:"type";s:5:"start";s:6:"action";s:0:"";s:4:"text";s:6:"starte";}}s:17:"subtitle_position";s:6:"bottom";s:9:"animation";s:4:"fade";s:12:"cursor_style";s:7:"default";s:10:"fullscreen";s:7:"inherit";s:12:"auto_advance";s:1:"1";s:8:"duration";s:1:"8";s:9:"audio_url";s:0:"";}i:1;a:16:{s:4:"type";s:7:"content";s:12:"live_wp_type";s:4:"page";s:7:"page_id";s:0:"";s:9:"admin_url";s:10:"/wp-admin/";s:3:"url";s:0:"";s:7:"content";s:9:"test text";s:8:"image_id";s:0:"";s:7:"pdf_url";s:0:"";s:14:"subtitle_rules";a:3:{i:0;a:3:{s:4:"type";s:4:"time";s:6:"action";s:1:"4";s:4:"text";s:10:"4 sekunden";}i:1;a:3:{s:4:"type";s:4:"time";s:6:"action";s:1:"8";s:4:"text";s:10:"8 sekunden";}i:2;a:3:{s:4:"type";s:5:"start";s:6:"action";s:0:"";s:4:"text";s:9:"starttext";}}s:17:"subtitle_position";s:6:"bottom";s:9:"animation";s:4:"fade";s:12:"cursor_style";s:7:"default";s:10:"fullscreen";s:7:"inherit";s:12:"auto_advance";s:1:"1";s:8:"duration";s:2:"12";s:9:"audio_url";s:0:"";}}]]></wp:meta_value>
		</wp:postmeta>
	</item>
</channel>
</rss>
