<?xml version="1.0" encoding="UTF-8"?>
<rss version="2.0"
	xmlns:excerpt="http://wordpress.org/export/1.2/excerpt/"
	xmlns:content="http://purl.org/rss/1.0/modules/content/"
	xmlns:wfw="http://wellformedweb.org/CommentAPI/"
	xmlns:dc="http://purl.org/dc/elements/1.1/"
	xmlns:wp="http://wordpress.org/export/1.2/"
>
<channel>
	<title>Meine Test-Website</title>
	<link>http://localhost:8881</link>
	<description></description>
	<pubDate>Thu, 18 Dec 2025 16:39:49 +0000</pubDate>
	<language>de-AT</language>
	<wp:wxr_version>1.2</wp:wxr_version>
	<wp:base_site_url>http://localhost:8881</wp:base_site_url>
	<wp:base_blog_url>http://localhost:8881</wp:base_blog_url>

	<item>
		<title>Blog-Startseite</title>
		<link>http://localhost:8881/home/</link>
		<pubDate>Mo, 17 Nov 2025 20:55:11 +0000</pubDate>
		<dc:creator>admin</dc:creator>
		<guid isPermaLink="false">http://localhost:8881/home/</guid>
		<description></description>
		<content:encoded><![CDATA[<!-- wp:template-part {"slug":"header","theme":"twentytwentyfive"} /-->

<!-- wp:paragraph -->
<p></p>
<!-- /wp:paragraph -->

<!-- wp:group {"tagName":"main","style":{"spacing":{"margin":{"top":"var:preset|spacing|60"}}},"layout":{"type":"constrained"}} -->
<main class="wp-block-group" style="margin-top:var(--wp--preset--spacing--60)"><!-- wp:heading {"textAlign":"left","level":1} -->
<h1 class="wp-block-heading has-text-align-left">Blog</h1>
<!-- /wp:heading -->

<!-- wp:query {"queryId":0,"query":{"perPage":10,"pages":0,"offset":0,"postType":"post","order":"desc","orderBy":"date","author":"","search":"","exclude":[],"sticky":"","inherit":true,"taxQuery":null,"parents":[]},"align":"full","layout":{"type":"default"}} -->
<div class="wp-block-query alignfull"><!-- wp:post-template {"align":"full","layout":{"type":"default"}} -->
<!-- wp:group {"align":"full","style":{"spacing":{"padding":{"top":"var:preset|spacing|60","bottom":"var:preset|spacing|60"}}},"layout":{"type":"constrained"}} -->
<div class="wp-block-group alignfull" style="padding-top:var(--wp--preset--spacing--60);padding-bottom:var(--wp--preset--spacing--60)"><!-- wp:post-featured-image {"isLink":true,"aspectRatio":"3/2"} /-->

<!-- wp:post-title {"isLink":true,"fontSize":"x-large"} /-->

<!-- wp:post-content {"align":"full","fontSize":"medium","layout":{"type":"constrained"}} /-->

<!-- wp:post-date {"isLink":true,"style":{"spacing":{"margin":{"top":"var:preset|spacing|40"}}},"fontSize":"small"} /--></div>
<!-- /wp:group -->
<!-- /wp:post-template -->

<!-- wp:group {"style":{"spacing":{"padding":{"top":"var:preset|spacing|60","bottom":"var:preset|spacing|60"}}},"layout":{"type":"constrained"}} -->
<div class="wp-block-group" style="padding-top:var(--wp--preset--spacing--60);padding-bottom:var(--wp--preset--spacing--60)"><!-- wp:query-no-results -->
<!-- wp:paragraph -->
<p>Es wurde leider nichts gefunden. Bitte versuche eine Suche mit anderen Suchbegriffen.</p>
<!-- /wp:paragraph -->
<!-- /wp:query-no-results --></div>
<!-- /wp:group -->

<!-- wp:group {"align":"wide","layout":{"type":"constrained"}} -->
<div class="wp-block-group alignwide"><!-- wp:query-pagination {"paginationArrow":"arrow","align":"wide","layout":{"type":"flex","justifyContent":"space-between"}} -->
<!-- wp:query-pagination-previous /-->

<!-- wp:query-pagination-numbers /-->

<!-- wp:query-pagination-next /-->
<!-- /wp:query-pagination --></div>
<!-- /wp:group --></div>
<!-- /wp:query --></main>
<!-- /wp:group -->

<!-- wp:template-part {"slug":"footer","theme":"twentytwentyfive"} /-->]]></content:encoded>
		<excerpt:encoded><![CDATA[Zeigt die letzten Beiträge entweder als Homepage der Website oder als „Beitragsseite“ an, wie unter den Einstellungen „Lesen“ definiert. Wenn es existiert und wenn Beiträge auf der Homepage angezeigt werden, überschreibt das Startseiten-Template dieses Template.]]></excerpt:encoded>

		<wp:post_id>196</wp:post_id>
		<wp:post_date>2025-11-17 20:55:11</wp:post_date>
		<wp:post_date_gmt>2025-11-17 20:55:11</wp:post_date_gmt>
		<wp:comment_status>closed</wp:comment_status>
		<wp:ping_status>closed</wp:ping_status>
		<wp:post_name>home</wp:post_name>
		<wp:status>publish</wp:status>
		<wp:post_parent>0</wp:post_parent>
		<wp:menu_order>0</wp:menu_order>
		<wp:post_type>wp_template</wp:post_type>
		<wp:post_password></wp:post_password>
		<wp:is_sticky>0</wp:is_sticky>

		<category domain="wp_theme" nicename="twentytwentyfive">twentytwentyfive</category>
		<wp:postmeta>
			<wp:meta_key>origin</wp:meta_key>
			<wp:meta_value><![CDATA[theme]]></wp:meta_value>
		</wp:postmeta>
		<wp:postmeta>
			<wp:meta_key>requestbf</wp:meta_key>
			<wp:meta_value><![CDATA[-]]></wp:meta_value>
		</wp:postmeta>
		<wp:postmeta>
			<wp:meta_key>_edit_last</wp:meta_key>
			<wp:meta_value><![CDATA[1]]></wp:meta_value>
		</wp:postmeta>
	</item>
	<item>
		<title>Einzelnes Element: Tour</title>
		<link>http://localhost:8881/single-tour/</link>
		<pubDate>Di, 02 Dez 2025 21:40:59 +0000</pubDate>
		<dc:creator>admin</dc:creator>
		<guid isPermaLink="false">http://localhost:8881/single-tour/</guid>
		<description></description>
		<content:encoded><![CDATA[<!-- wp:template-part {"slug":"header","theme":"twentytwentyfive"} /-->

<!-- wp:navigation {"ref":4} /-->

<!-- wp:group {"tagName":"main","style":{"spacing":{"margin":{"top":"var:preset|spacing|60"}}},"layout":{"type":"constrained"}} -->
<main class="wp-block-group" style="margin-top:var(--wp--preset--spacing--60)"><!-- wp:group {"align":"full","style":{"spacing":{"padding":{"top":"var:preset|spacing|60","bottom":"var:preset|spacing|60"}}},"layout":{"type":"constrained"}} -->
<div class="wp-block-group alignfull" style="padding-top:var(--wp--preset--spacing--60);padding-bottom:var(--wp--preset--spacing--60)"><!-- wp:post-title {"level":1} /-->

<!-- wp:post-featured-image {"aspectRatio":"3/2"} /-->

<!-- wp:group {"className":"has-link-color","style":{"spacing":{"blockGap":"0.2em","margin":{"bottom":"var:preset|spacing|60"}}},"textColor":"accent-4","fontSize":"small","layout":{"type":"flex","flexWrap":"wrap"}} -->
<div class="wp-block-group has-link-color has-accent-4-color has-text-color has-small-font-size" style="margin-bottom:var(--wp--preset--spacing--60)"><!-- wp:paragraph -->
<p>Verfasst von </p>
<!-- /wp:paragraph -->

<!-- wp:post-author-name {"isLink":true} /-->

<!-- wp:paragraph -->
<p>in</p>
<!-- /wp:paragraph -->

<!-- wp:post-terms {"term":"category","style":{"typography":{"fontWeight":"300"}}} /--></div>
<!-- /wp:group -->

<!-- wp:post-content {"align":"full","layout":{"type":"constrained"}} /-->

<!-- wp:group {"style":{"spacing":{"padding":{"top":"var:preset|spacing|60","bottom":"var:preset|spacing|60"}}},"layout":{"type":"constrained"}} -->
<div class="wp-block-group" style="padding-top:var(--wp--preset--spacing--60);padding-bottom:var(--wp--preset--spacing--60)"><!-- wp:post-terms {"term":"post_tag","separator":"  ","className":"is-style-post-terms-1"} /--></div>
<!-- /wp:group -->

<!-- wp:group {"align":"wide","style":{"spacing":{"margin":{"top":"var:preset|spacing|60","bottom":"var:preset|spacing|60"}}},"layout":{"type":"default"}} -->
<div class="wp-block-group alignwide" style="margin-top:var(--wp--preset--spacing--60);margin-bottom:var(--wp--preset--spacing--60)"><!-- wp:group {"tagName":"nav","align":"wide","style":{"border":{"top":{"color":"var:preset|color|accent-6","width":"1px"}},"spacing":{"padding":{"top":"var:preset|spacing|40","bottom":"var:preset|spacing|40"}}},"layout":{"type":"flex","flexWrap":"nowrap","justifyContent":"space-between"},"ariaLabel":"Beitragsnavigation"} -->
<nav class="wp-block-group alignwide" aria-label="Beitragsnavigation" style="border-top-color:var(--wp--preset--color--accent-6);border-top-width:1px;padding-top:var(--wp--preset--spacing--40);padding-bottom:var(--wp--preset--spacing--40)"><!-- wp:post-navigation-link {"type":"previous","showTitle":true,"arrow":"arrow"} /-->

<!-- wp:post-navigation-link {"showTitle":true,"arrow":"arrow"} /--></nav>
<!-- /wp:group --></div>
<!-- /wp:group -->

<!-- wp:comments {"className":"wp-block-comments-query-loop","style":{"spacing":{"margin":{"top":"var:preset|spacing|70","bottom":"var:preset|spacing|70"}}}} -->
<div class="wp-block-comments wp-block-comments-query-loop" style="margin-top:var(--wp--preset--spacing--70);margin-bottom:var(--wp--preset--spacing--70)"><!-- wp:heading {"fontSize":"x-large"} -->
<h2 class="wp-block-heading has-x-large-font-size">Kommentare</h2>
<!-- /wp:heading -->

<!-- wp:comments-title {"level":3,"fontSize":"large"} /-->

<!-- wp:comment-template -->
<!-- wp:group {"style":{"spacing":{"margin":{"top":"0","bottom":"var:preset|spacing|50"}}}} -->
<div class="wp-block-group" style="margin-top:0;margin-bottom:var(--wp--preset--spacing--50)"><!-- wp:group {"layout":{"type":"flex","flexWrap":"nowrap","verticalAlignment":"top"}} -->
<div class="wp-block-group"><!-- wp:avatar {"size":50} /-->

<!-- wp:group -->
<div class="wp-block-group"><!-- wp:comment-date /-->

<!-- wp:comment-author-name /-->

<!-- wp:comment-content /-->

<!-- wp:group {"layout":{"type":"flex","flexWrap":"nowrap"}} -->
<div class="wp-block-group"><!-- wp:comment-edit-link /-->

<!-- wp:comment-reply-link /--></div>
<!-- /wp:group --></div>
<!-- /wp:group --></div>
<!-- /wp:group --></div>
<!-- /wp:group -->
<!-- /wp:comment-template -->

<!-- wp:comments-pagination {"layout":{"type":"flex","justifyContent":"space-between"}} -->
<!-- wp:comments-pagination-previous /-->

<!-- wp:comments-pagination-next /-->
<!-- /wp:comments-pagination -->

<!-- wp:post-comments-form /--></div>
<!-- /wp:comments --></div>
<!-- /wp:group -->

<!-- wp:group {"align":"wide","style":{"spacing":{"padding":{"top":"var:preset|spacing|60","bottom":"var:preset|spacing|60"}}},"layout":{"type":"constrained"}} -->
<div class="wp-block-group alignwide" style="padding-top:var(--wp--preset--spacing--60);padding-bottom:var(--wp--preset--spacing--60)"><!-- wp:heading {"align":"wide","style":{"typography":{"textTransform":"uppercase","fontStyle":"normal","fontWeight":"700","letterSpacing":"1.4px"}},"fontSize":"small"} -->
<h2 class="wp-block-heading alignwide has-small-font-size" style="font-style:normal;font-weight:700;letter-spacing:1.4px;text-transform:uppercase">Weitere Beiträge</h2>
<!-- /wp:heading -->

<!-- wp:query {"queryId":0,"query":{"perPage":4,"pages":0,"offset":0,"postType":"post","order":"desc","orderBy":"date","author":"","search":"","exclude":[],"sticky":"","inherit":false,"taxQuery":null,"parents":[]},"align":"wide","layout":{"type":"default"}} -->
<div class="wp-block-query alignwide"><!-- wp:post-template {"align":"full","style":{"spacing":{"blockGap":"0"}},"layout":{"type":"default"}} -->
<!-- wp:group {"align":"full","style":{"spacing":{"padding":{"top":"var:preset|spacing|30","bottom":"var:preset|spacing|30"}},"border":{"bottom":{"color":"var:preset|color|accent-6","width":"1px"},"top":[],"right":[],"left":[]}},"layout":{"type":"flex","flexWrap":"nowrap","verticalAlignment":"center","justifyContent":"space-between"}} -->
<div class="wp-block-group alignfull" style="border-bottom-color:var(--wp--preset--color--accent-6);border-bottom-width:1px;padding-top:var(--wp--preset--spacing--30);padding-bottom:var(--wp--preset--spacing--30)"><!-- wp:post-title {"level":3,"isLink":true,"fontSize":"large"} /-->

<!-- wp:post-date {"textAlign":"right","isLink":true,"metadata":{"bindings":{"datetime":{"source":"core/post-data","args":{"field":"date"}}}}} /--></div>
<!-- /wp:group -->
<!-- /wp:post-template --></div>
<!-- /wp:query --></div>
<!-- /wp:group --></main>
<!-- /wp:group -->

<!-- wp:template-part {"slug":"footer","theme":"twentytwentyfive"} /-->]]></content:encoded>
		<excerpt:encoded><![CDATA[Zeigt ein einzelnes Element an: Tour.]]></excerpt:encoded>

		<wp:post_id>652</wp:post_id>
		<wp:post_date>2025-12-02 21:40:59</wp:post_date>
		<wp:post_date_gmt>2025-12-02 21:40:59</wp:post_date_gmt>
		<wp:comment_status>closed</wp:comment_status>
		<wp:ping_status>closed</wp:ping_status>
		<wp:post_name>single-tour</wp:post_name>
		<wp:status>publish</wp:status>
		<wp:post_parent>0</wp:post_parent>
		<wp:menu_order>0</wp:menu_order>
		<wp:post_type>wp_template</wp:post_type>
		<wp:post_password></wp:post_password>
		<wp:is_sticky>0</wp:is_sticky>

		<category domain="wp_theme" nicename="twentytwentyfive">twentytwentyfive</category>
		<wp:postmeta>
			<wp:meta_key>is_wp_suggestion</wp:meta_key>
			<wp:meta_value><![CDATA[1]]></wp:meta_value>
		</wp:postmeta>
	</item>
	<item>
		<title>meins2</title>
		<link>http://localhost:8881/wp-custom-template-meins2/</link>
		<pubDate>So, 23 Nov 2025 23:42:12 +0000</pubDate>
		<dc:creator>admin</dc:creator>
		<guid isPermaLink="false">http://localhost:8881/wp-custom-template-meins2/</guid>
		<description></description>
		<content:encoded><![CDATA[<!-- wp:template-part {"slug":"header","theme":"twentytwentyfive"} /-->

<!-- wp:group {"tagName":"main","style":{"spacing":{"margin":{"top":"0","bottom":"0"},"padding":{"top":"0","bottom":"0"},"blockGap":"0"}},"layout":{"type":"default"}} -->
<main class="wp-block-group" style="margin-top:0;margin-bottom:0;padding-top:0;padding-bottom:0"><!-- wp:post-featured-image {"style":{"spacing":{"margin":{"bottom":"var:preset|spacing|60"}}}} /-->

<!-- wp:post-title {"textAlign":"center","level":1} /-->

<!-- wp:post-content {"align":"full","layout":{"type":"constrained","justifyContent":"center","wideSize":"100%"}} /--></main>
<!-- /wp:group -->

<!-- wp:template-part {"slug":"footer","theme":"twentytwentyfive"} /-->]]></content:encoded>
		<excerpt:encoded><![CDATA[]]></excerpt:encoded>

		<wp:post_id>382</wp:post_id>
		<wp:post_date>2025-11-23 23:42:12</wp:post_date>
		<wp:post_date_gmt>2025-11-23 23:42:12</wp:post_date_gmt>
		<wp:comment_status>closed</wp:comment_status>
		<wp:ping_status>closed</wp:ping_status>
		<wp:post_name>wp-custom-template-meins2</wp:post_name>
		<wp:status>publish</wp:status>
		<wp:post_parent>0</wp:post_parent>
		<wp:menu_order>0</wp:menu_order>
		<wp:post_type>wp_template</wp:post_type>
		<wp:post_password></wp:post_password>
		<wp:is_sticky>0</wp:is_sticky>

		<category domain="wp_theme" nicename="twentytwentyfive">twentytwentyfive</category>
		<wp:postmeta>
			<wp:meta_key>is_wp_suggestion</wp:meta_key>
			<wp:meta_value><![CDATA[]]></wp:meta_value>
		</wp:postmeta>
	</item>
	<item>
		<title>Seiten</title>
		<link>http://localhost:8881/page/</link>
		<pubDate>So, 16 Nov 2025 19:32:22 +0000</pubDate>
		<dc:creator>admin</dc:creator>
		<guid isPermaLink="false">http://localhost:8881/page/</guid>
		<description></description>
		<content:encoded><![CDATA[<!-- wp:template-part {"slug":"header","theme":"twentytwentyfive"} /-->

<!-- wp:group {"tagName":"main","style":{"spacing":{"margin":{"top":"0","bottom":"0"},"padding":{"top":"0","bottom":"0"},"blockGap":"0"}},"layout":{"type":"default"}} -->
<main class="wp-block-group" style="margin-top:0;margin-bottom:0;padding-top:0;padding-bottom:0"><!-- wp:post-featured-image {"style":{"spacing":{"margin":{"bottom":"var:preset|spacing|60"}}}} /-->

<!-- wp:post-title {"textAlign":"center","level":1} /-->

<!-- wp:post-content {"align":"full","layout":{"type":"constrained","justifyContent":"center","wideSize":"100%"}} /--></main>
<!-- /wp:group -->

<!-- wp:template-part {"slug":"footer","theme":"twentytwentyfive"} /-->]]></content:encoded>
		<excerpt:encoded><![CDATA[Zeigt eine statische Seite an, solange kein individuelles Template auf diese Seite angewendet wird oder ein zugehöriges Template existiert.]]></excerpt:encoded>

		<wp:post_id>164</wp:post_id>
		<wp:post_date>2025-11-16 19:32:22</wp:post_date>
		<wp:post_date_gmt>2025-11-16 19:32:22</wp:post_date_gmt>
		<wp:comment_status>closed</wp:comment_status>
		<wp:ping_status>closed</wp:ping_status>
		<wp:post_name>page</wp:post_name>
		<wp:status>publish</wp:status>
		<wp:post_parent>0</wp:post_parent>
		<wp:menu_order>0</wp:menu_order>
		<wp:post_type>wp_template</wp:post_type>
		<wp:post_password></wp:post_password>
		<wp:is_sticky>0</wp:is_sticky>

		<category domain="wp_theme" nicename="twentytwentyfive">twentytwentyfive</category>
		<wp:postmeta>
			<wp:meta_key>origin</wp:meta_key>
			<wp:meta_value><![CDATA[theme]]></wp:meta_value>
		</wp:postmeta>
	</item>
	<item>
		<title>Menü 2</title>
		<link>http://localhost:8881/menue-2/</link>
		<pubDate>Mi, 26 Nov 2025 20:16:27 +0000</pubDate>
		<dc:creator>admin</dc:creator>
		<guid isPermaLink="false">http://localhost:8881/menue-2/</guid>
		<description></description>
		<content:encoded><![CDATA[<!-- wp:navigation-link {"label":"blog","type":"post","url":"http://localhost:8881/blog/"} /-->

<!-- wp:navigation-link {"label":"aa","type":"custom","url":"http://localhost:8881/category/aa/"} /-->]]></content:encoded>
		<excerpt:encoded><![CDATA[]]></excerpt:encoded>

		<wp:post_id>471</wp:post_id>
		<wp:post_date>2025-11-26 20:16:27</wp:post_date>
		<wp:post_date_gmt>2025-11-26 20:16:27</wp:post_date_gmt>
		<wp:comment_status>closed</wp:comment_status>
		<wp:ping_status>closed</wp:ping_status>
		<wp:post_name>menue-2</wp:post_name>
		<wp:status>publish</wp:status>
		<wp:post_parent>0</wp:post_parent>
		<wp:menu_order>0</wp:menu_order>
		<wp:post_type>wp_navigation</wp:post_type>
		<wp:post_password></wp:post_password>
		<wp:is_sticky>0</wp:is_sticky>

	</item>
	<item>
		<title>Menü 4</title>
		<link>http://localhost:8881/?p=527</link>
		<pubDate>Sa, 29 Nov 2025 13:20:29 +0000</pubDate>
		<dc:creator>admin</dc:creator>
		<guid isPermaLink="false">http://localhost:8881/?p=527</guid>
		<description></description>
		<content:encoded><![CDATA[]]></content:encoded>
		<excerpt:encoded><![CDATA[]]></excerpt:encoded>

		<wp:post_id>527</wp:post_id>
		<wp:post_date>2025-11-29 13:20:29</wp:post_date>
		<wp:post_date_gmt>2025-11-29 13:20:29</wp:post_date_gmt>
		<wp:comment_status>closed</wp:comment_status>
		<wp:ping_status>closed</wp:ping_status>
		<wp:post_name></wp:post_name>
		<wp:status>draft</wp:status>
		<wp:post_parent>0</wp:post_parent>
		<wp:menu_order>0</wp:menu_order>
		<wp:post_type>wp_navigation</wp:post_type>
		<wp:post_password></wp:post_password>
		<wp:is_sticky>0</wp:is_sticky>

	</item>
	<item>
		<title>Custom Styles</title>
		<link>http://localhost:8881/wp-global-styles-twentytwentyfive/</link>
		<pubDate>Mo, 10 Nov 2025 20:29:23 +0000</pubDate>
		<dc:creator>admin</dc:creator>
		<guid isPermaLink="false">http://localhost:8881/wp-global-styles-twentytwentyfive/</guid>
		<description></description>
		<content:encoded><![CDATA[{"styles":{"css":"\/* Aktiven Men\u00fcpunkt fett und farbig machen *\/\n.wp-block-navigation .current-menu-item > .wp-block-navigation-item__content {\n    font-weight: bold;       \/* Macht den Text fett *\/\n    color: #ff0000;          \/* \u00c4ndern Sie dies zu Ihrer Wunschfarbe *\/\n}"},"isGlobalStylesUserThemeJSON":true,"version":3}]]></content:encoded>
		<excerpt:encoded><![CDATA[]]></excerpt:encoded>

		<wp:post_id>6</wp:post_id>
		<wp:post_date>2025-11-10 20:29:23</wp:post_date>
		<wp:post_date_gmt>2025-11-10 20:29:23</wp:post_date_gmt>
		<wp:comment_status>closed</wp:comment_status>
		<wp:ping_status>closed</wp:ping_status>
		<wp:post_name>wp-global-styles-twentytwentyfive</wp:post_name>
		<wp:status>publish</wp:status>
		<wp:post_parent>0</wp:post_parent>
		<wp:menu_order>0</wp:menu_order>
		<wp:post_type>wp_global_styles</wp:post_type>
		<wp:post_password></wp:post_password>
		<wp:is_sticky>0</wp:is_sticky>

		<category domain="wp_theme" nicename="twentytwentyfive">twentytwentyfive</category>
	</item>
</channel>
</rss>
