<?xml version="1.0" encoding="UTF-8"?>
<rss version="2.0"
	xmlns:excerpt="http://wordpress.org/export/1.2/excerpt/"
	xmlns:content="http://purl.org/rss/1.0/modules/content/"
	xmlns:wfw="http://wellformedweb.org/CommentAPI/"
	xmlns:dc="http://purl.org/dc/elements/1.1/"
	xmlns:wp="http://wordpress.org/export/1.2/"
>
<channel>
	<title>Meine Test-Website</title>
	<link>http://localhost:8882</link>
	<description></description>
	<pubDate>Sat, 03 Jan 2026 06:07:35 +0000</pubDate>
	<language>de-AT</language>
	<wp:wxr_version>1.2</wp:wxr_version>
	<wp:base_site_url>http://localhost:8882</wp:base_site_url>
	<wp:base_blog_url>http://localhost:8882</wp:base_blog_url>

	<item>
		<title>Präsentation B</title>
		<link>http://localhost:8882/prasentation-b/</link>
		<pubDate>Do, 01 Jän 2026 18:05:26 +0000</pubDate>
		<dc:creator>admin</dc:creator>
		<guid isPermaLink="false">http://localhost:8882/prasentation-b/</guid>
		<description></description>
		<content:encoded><![CDATA[
<div class="presentation-wrapper" id="presentation-902">
    <div 
        class="presentation-container" 
        data-presentation-id="902"
        data-presentation-options='{"slides":[{"type":"content","animation":"fade","cursor_style":"default","fullscreen":"fullscreen","auto_advance":false,"duration":0,"audio_url":"","content":"Klicke auf Pfeil oder Cursortaste nach rechts zum Starten der Pr\u00e4sentation"},{"type":"live_wp","animation":"slide-left","cursor_style":"default","fullscreen":"window","auto_advance":false,"duration":2,"audio_url":"","live_wp_type":"page","page_id":"861","admin_url":"\/wp-admin\/","url":"http:\/\/localhost:8881\/blueprint-creator-2\/"},{"type":"image","animation":"zoom","cursor_style":"circle","fullscreen":"window","auto_advance":false,"duration":2,"audio_url":"","image_url":"http:\/\/localhost:8882\/wp-content\/uploads\/2025\/11\/DSC_0306.jpg"},{"type":"content","animation":"none","cursor_style":"default","fullscreen":"fullscreen","auto_advance":false,"duration":2,"audio_url":"","content":"TEST Seite\r\n\r\n"},{"type":"pdf","animation":"fade","cursor_style":"default","fullscreen":"inherit","auto_advance":false,"duration":0,"audio_url":"","pdf_url":"https:\/\/www.wieser.at\/wp-content\/uploads\/2025\/12\/ANLEITUNG-1.pdf"},{"type":"external","animation":"none","cursor_style":"default","fullscreen":"fullscreen","auto_advance":false,"duration":2,"audio_url":"","url":"http:\/\/www.wieser.at"},{"type":"content","animation":"fade","cursor_style":"default","fullscreen":"window","auto_advance":false,"duration":0,"audio_url":"","content":"das ist ein Test\r\nund noch eine zeile\r\nvielleicht k\u00f6nnte man es ausgestallten"}],"settings":{"default_fullscreen":"fullscreen","show_controls":"always","show_progress":"1","keyboard_navigation":"1","mouse_navigation":"1"}}'
    >
        <!-- Wird von JavaScript gefüllt -->
    </div>
</div>

<script>
jQuery(document).ready(function($) {
    // Zusätzliche Initialisierung falls nötig
    var presentationData = {
        ajax_url: 'http://localhost:8882/wp-admin/admin-ajax.php',
        site_url: 'http://localhost:8882',
        nonce: 'b01ab575bd'
    };
    
    // Global verfügbar machen
    window.presentationData = presentationData;
});
</script>

<style>
/* Zusätzliche Template-spezifische Styles */
.presentation-wrapper {
    margin: 40px 0;
}
</style>



<p></p>
]]></content:encoded>
		<excerpt:encoded><![CDATA[]]></excerpt:encoded>

		<wp:post_id>908</wp:post_id>
		<wp:post_date>2026-01-01 18:05:26</wp:post_date>
		<wp:post_date_gmt>2026-01-01 18:05:26</wp:post_date_gmt>
		<wp:comment_status>closed</wp:comment_status>
		<wp:ping_status>closed</wp:ping_status>
		<wp:post_name>prasentation-b</wp:post_name>
		<wp:status>publish</wp:status>
		<wp:post_parent>0</wp:post_parent>
		<wp:menu_order>0</wp:menu_order>
		<wp:post_type>page</wp:post_type>
		<wp:post_password></wp:post_password>
		<wp:is_sticky>0</wp:is_sticky>

		<wp:postmeta>
			<wp:meta_key>_edit_lock</wp:meta_key>
			<wp:meta_value><![CDATA[1767397838:1]]></wp:meta_value>
		</wp:postmeta>
		<wp:postmeta>
			<wp:meta_key>classic-editor-remember</wp:meta_key>
			<wp:meta_value><![CDATA[block-editor]]></wp:meta_value>
		</wp:postmeta>
	</item>
	<item>
		<title>Präsentation A</title>
		<link>http://localhost:8882/prasentation-a/</link>
		<pubDate>Do, 01 Jän 2026 17:03:21 +0000</pubDate>
		<dc:creator>admin</dc:creator>
		<guid isPermaLink="false">http://localhost:8882/prasentation-a/</guid>
		<description></description>
		<content:encoded><![CDATA[
<p></p>



<div class="presentation-wrapper" id="presentation-903">
    <div 
        class="presentation-container" 
        data-presentation-id="903"
        data-presentation-options='{"slides":[{"type":"content","animation":"none","cursor_style":"default","fullscreen":"window","auto_advance":true,"duration":2,"audio_url":"","content":""},{"type":"live_wp","animation":"none","cursor_style":"default","fullscreen":"window","auto_advance":true,"duration":2,"audio_url":"","live_wp_type":"page","page_id":"","admin_url":"\/wp-admin\/","url":""},{"type":"external","animation":"none","cursor_style":"default","fullscreen":"window","auto_advance":true,"duration":2,"audio_url":"","url":"https:\/\/www.wieser.at\/"},{"type":"image","animation":"none","cursor_style":"default","fullscreen":"window","auto_advance":true,"duration":2,"audio_url":"","image_url":"http:\/\/localhost:8882\/wp-content\/uploads\/2025\/11\/DSC_0439.jpg"},{"type":"content","animation":"fade","cursor_style":"default","fullscreen":"window","auto_advance":true,"duration":2,"audio_url":"","content":"Nur ein Text zum testen\r\n\r\nund noch eine Zeile"}],"settings":{"default_fullscreen":"fullscreen","show_controls":"hover","show_progress":"1","keyboard_navigation":"1","mouse_navigation":"1","loop":"1"}}'
    >
        <!-- Wird von JavaScript gefüllt -->
    </div>
</div>

<script>
jQuery(document).ready(function($) {
    // Zusätzliche Initialisierung falls nötig
    var presentationData = {
        ajax_url: 'http://localhost:8882/wp-admin/admin-ajax.php',
        site_url: 'http://localhost:8882',
        nonce: 'b01ab575bd'
    };
    
    // Global verfügbar machen
    window.presentationData = presentationData;
});
</script>

<style>
/* Zusätzliche Template-spezifische Styles */
.presentation-wrapper {
    margin: 40px 0;
}
</style>
]]></content:encoded>
		<excerpt:encoded><![CDATA[]]></excerpt:encoded>

		<wp:post_id>904</wp:post_id>
		<wp:post_date>2026-01-01 17:03:21</wp:post_date>
		<wp:post_date_gmt>2026-01-01 17:03:21</wp:post_date_gmt>
		<wp:comment_status>closed</wp:comment_status>
		<wp:ping_status>closed</wp:ping_status>
		<wp:post_name>prasentation-a</wp:post_name>
		<wp:status>publish</wp:status>
		<wp:post_parent>0</wp:post_parent>
		<wp:menu_order>0</wp:menu_order>
		<wp:post_type>page</wp:post_type>
		<wp:post_password></wp:post_password>
		<wp:is_sticky>0</wp:is_sticky>

		<wp:postmeta>
			<wp:meta_key>_edit_lock</wp:meta_key>
			<wp:meta_value><![CDATA[1767290709:1]]></wp:meta_value>
		</wp:postmeta>
		<wp:postmeta>
			<wp:meta_key>classic-editor-remember</wp:meta_key>
			<wp:meta_value><![CDATA[block-editor]]></wp:meta_value>
		</wp:postmeta>
	</item>
	<item>
		<title>present A</title>
		<link>http://localhost:8882/presentations/slide-2/</link>
		<pubDate>Do, 01 Jän 2026 16:58:57 +0000</pubDate>
		<dc:creator>admin</dc:creator>
		<guid isPermaLink="false">http://localhost:8882/presentations/slide-2/</guid>
		<description></description>
		<content:encoded><![CDATA[]]></content:encoded>
		<excerpt:encoded><![CDATA[]]></excerpt:encoded>

		<wp:post_id>903</wp:post_id>
		<wp:post_date>2026-01-01 16:58:57</wp:post_date>
		<wp:post_date_gmt>2026-01-01 16:58:57</wp:post_date_gmt>
		<wp:comment_status>closed</wp:comment_status>
		<wp:ping_status>closed</wp:ping_status>
		<wp:post_name>slide-2</wp:post_name>
		<wp:status>publish</wp:status>
		<wp:post_parent>0</wp:post_parent>
		<wp:menu_order>0</wp:menu_order>
		<wp:post_type>presentation</wp:post_type>
		<wp:post_password></wp:post_password>
		<wp:is_sticky>0</wp:is_sticky>

		<wp:postmeta>
			<wp:meta_key>classic-editor-remember</wp:meta_key>
			<wp:meta_value><![CDATA[classic-editor]]></wp:meta_value>
		</wp:postmeta>
		<wp:postmeta>
			<wp:meta_key>_edit_lock</wp:meta_key>
			<wp:meta_value><![CDATA[1767419423:1]]></wp:meta_value>
		</wp:postmeta>
		<wp:postmeta>
			<wp:meta_key>_edit_last</wp:meta_key>
			<wp:meta_value><![CDATA[1]]></wp:meta_value>
		</wp:postmeta>
		<wp:postmeta>
			<wp:meta_key>_wp_page_template</wp:meta_key>
			<wp:meta_value><![CDATA[default]]></wp:meta_value>
		</wp:postmeta>
		<wp:postmeta>
			<wp:meta_key>_presentation_settings</wp:meta_key>
			<wp:meta_value><![CDATA[a:6:{s:18:"default_fullscreen";s:10:"fullscreen";s:13:"show_controls";s:5:"hover";s:13:"show_progress";s:1:"1";s:19:"keyboard_navigation";s:1:"1";s:16:"mouse_navigation";s:1:"1";s:4:"loop";s:1:"1";}]]></wp:meta_value>
		</wp:postmeta>
		<wp:postmeta>
			<wp:meta_key>_presentation_slides</wp:meta_key>
			<wp:meta_value><![CDATA[a:5:{i:0;a:14:{s:4:"type";s:7:"content";s:12:"live_wp_type";s:4:"page";s:7:"page_id";s:3:"848";s:9:"admin_url";s:10:"/wp-admin/";s:3:"url";s:0:"";s:7:"content";s:0:"";s:8:"image_id";s:0:"";s:7:"pdf_url";s:0:"";s:9:"animation";s:4:"none";s:12:"cursor_style";s:7:"default";s:10:"fullscreen";s:6:"window";s:12:"auto_advance";s:1:"1";s:8:"duration";s:1:"2";s:9:"audio_url";s:0:"";}i:1;a:14:{s:4:"type";s:7:"live_wp";s:12:"live_wp_type";s:4:"page";s:7:"page_id";s:0:"";s:9:"admin_url";s:10:"/wp-admin/";s:3:"url";s:0:"";s:7:"content";s:0:"";s:8:"image_id";s:0:"";s:7:"pdf_url";s:0:"";s:9:"animation";s:4:"none";s:12:"cursor_style";s:7:"default";s:10:"fullscreen";s:6:"window";s:12:"auto_advance";s:1:"1";s:8:"duration";s:1:"2";s:9:"audio_url";s:0:"";}i:2;a:14:{s:4:"type";s:8:"external";s:12:"live_wp_type";s:4:"page";s:7:"page_id";s:0:"";s:9:"admin_url";s:10:"/wp-admin/";s:3:"url";s:22:"https://www.wieser.at/";s:7:"content";s:0:"";s:8:"image_id";s:0:"";s:7:"pdf_url";s:0:"";s:9:"animation";s:4:"none";s:12:"cursor_style";s:7:"default";s:10:"fullscreen";s:6:"window";s:12:"auto_advance";s:1:"1";s:8:"duration";s:1:"2";s:9:"audio_url";s:0:"";}i:3;a:14:{s:4:"type";s:5:"image";s:12:"live_wp_type";s:4:"page";s:7:"page_id";s:0:"";s:9:"admin_url";s:10:"/wp-admin/";s:3:"url";s:0:"";s:7:"content";s:0:"";s:8:"image_id";s:3:"576";s:7:"pdf_url";s:0:"";s:9:"animation";s:4:"none";s:12:"cursor_style";s:7:"default";s:10:"fullscreen";s:6:"window";s:12:"auto_advance";s:1:"1";s:8:"duration";s:1:"2";s:9:"audio_url";s:0:"";}i:4;a:14:{s:4:"type";s:7:"content";s:12:"live_wp_type";s:4:"page";s:7:"page_id";s:0:"";s:9:"admin_url";s:10:"/wp-admin/";s:3:"url";s:0:"";s:7:"content";s:46:"Nur ein Text zum testen

und noch eine Zeile";s:8:"image_id";s:0:"";s:7:"pdf_url";s:0:"";s:9:"animation";s:4:"fade";s:12:"cursor_style";s:7:"default";s:10:"fullscreen";s:6:"window";s:12:"auto_advance";s:1:"1";s:8:"duration";s:1:"2";s:9:"audio_url";s:0:"";}}]]></wp:meta_value>
		</wp:postmeta>
	</item>
	<item>
		<title>Präsentation B</title>
		<link>http://localhost:8882/presentations/902/</link>
		<pubDate>Do, 01 Jän 2026 16:58:19 +0000</pubDate>
		<dc:creator>admin</dc:creator>
		<guid isPermaLink="false">http://localhost:8882/presentations/902/</guid>
		<description></description>
		<content:encoded><![CDATA[<p>Ist das nur die Beschreibung</p>
]]></content:encoded>
		<excerpt:encoded><![CDATA[]]></excerpt:encoded>

		<wp:post_id>902</wp:post_id>
		<wp:post_date>2026-01-01 16:58:19</wp:post_date>
		<wp:post_date_gmt>2026-01-01 16:58:19</wp:post_date_gmt>
		<wp:comment_status>closed</wp:comment_status>
		<wp:ping_status>closed</wp:ping_status>
		<wp:post_name>902</wp:post_name>
		<wp:status>publish</wp:status>
		<wp:post_parent>0</wp:post_parent>
		<wp:menu_order>0</wp:menu_order>
		<wp:post_type>presentation</wp:post_type>
		<wp:post_password></wp:post_password>
		<wp:is_sticky>0</wp:is_sticky>

		<wp:postmeta>
			<wp:meta_key>classic-editor-remember</wp:meta_key>
			<wp:meta_value><![CDATA[classic-editor]]></wp:meta_value>
		</wp:postmeta>
		<wp:postmeta>
			<wp:meta_key>_edit_lock</wp:meta_key>
			<wp:meta_value><![CDATA[1767420218:1]]></wp:meta_value>
		</wp:postmeta>
		<wp:postmeta>
			<wp:meta_key>_edit_last</wp:meta_key>
			<wp:meta_value><![CDATA[1]]></wp:meta_value>
		</wp:postmeta>
		<wp:postmeta>
			<wp:meta_key>_wp_page_template</wp:meta_key>
			<wp:meta_value><![CDATA[default]]></wp:meta_value>
		</wp:postmeta>
		<wp:postmeta>
			<wp:meta_key>_presentation_settings</wp:meta_key>
			<wp:meta_value><![CDATA[a:5:{s:18:"default_fullscreen";s:10:"fullscreen";s:13:"show_controls";s:6:"always";s:13:"show_progress";s:1:"1";s:19:"keyboard_navigation";s:1:"1";s:16:"mouse_navigation";s:1:"1";}]]></wp:meta_value>
		</wp:postmeta>
		<wp:postmeta>
			<wp:meta_key>_presentation_slides</wp:meta_key>
			<wp:meta_value><![CDATA[a:7:{i:0;a:13:{s:4:"type";s:7:"content";s:12:"live_wp_type";s:4:"page";s:7:"page_id";s:0:"";s:9:"admin_url";s:10:"/wp-admin/";s:3:"url";s:0:"";s:7:"content";s:75:"Klicke auf Pfeil oder Cursortaste nach rechts zum Starten der Präsentation";s:8:"image_id";s:0:"";s:7:"pdf_url";s:0:"";s:9:"animation";s:4:"fade";s:12:"cursor_style";s:7:"default";s:10:"fullscreen";s:10:"fullscreen";s:8:"duration";s:1:"0";s:9:"audio_url";s:0:"";}i:1;a:13:{s:4:"type";s:7:"live_wp";s:12:"live_wp_type";s:4:"page";s:7:"page_id";s:3:"861";s:9:"admin_url";s:10:"/wp-admin/";s:3:"url";s:42:"http://localhost:8881/blueprint-creator-2/";s:7:"content";s:0:"";s:8:"image_id";s:0:"";s:7:"pdf_url";s:0:"";s:9:"animation";s:10:"slide-left";s:12:"cursor_style";s:7:"default";s:10:"fullscreen";s:6:"window";s:8:"duration";s:1:"2";s:9:"audio_url";s:0:"";}i:2;a:13:{s:4:"type";s:5:"image";s:12:"live_wp_type";s:4:"page";s:7:"page_id";s:3:"848";s:9:"admin_url";s:10:"/wp-admin/";s:3:"url";s:0:"";s:7:"content";s:0:"";s:8:"image_id";s:3:"563";s:7:"pdf_url";s:0:"";s:9:"animation";s:4:"zoom";s:12:"cursor_style";s:6:"circle";s:10:"fullscreen";s:6:"window";s:8:"duration";s:1:"2";s:9:"audio_url";s:0:"";}i:3;a:13:{s:4:"type";s:7:"content";s:12:"live_wp_type";s:4:"page";s:7:"page_id";s:3:"860";s:9:"admin_url";s:10:"/wp-admin/";s:3:"url";s:0:"";s:7:"content";s:14:"TEST Seite

";s:8:"image_id";s:0:"";s:7:"pdf_url";s:0:"";s:9:"animation";s:4:"none";s:12:"cursor_style";s:7:"default";s:10:"fullscreen";s:10:"fullscreen";s:8:"duration";s:1:"2";s:9:"audio_url";s:0:"";}i:4;a:13:{s:4:"type";s:3:"pdf";s:12:"live_wp_type";s:4:"page";s:7:"page_id";s:0:"";s:9:"admin_url";s:10:"/wp-admin/";s:3:"url";s:0:"";s:7:"content";s:0:"";s:8:"image_id";s:0:"";s:7:"pdf_url";s:64:"https://www.wieser.at/wp-content/uploads/2025/12/ANLEITUNG-1.pdf";s:9:"animation";s:4:"fade";s:12:"cursor_style";s:7:"default";s:10:"fullscreen";s:7:"inherit";s:8:"duration";s:1:"0";s:9:"audio_url";s:0:"";}i:5;a:13:{s:4:"type";s:8:"external";s:12:"live_wp_type";s:4:"page";s:7:"page_id";s:3:"848";s:9:"admin_url";s:10:"/wp-admin/";s:3:"url";s:20:"http://www.wieser.at";s:7:"content";s:0:"";s:8:"image_id";s:0:"";s:7:"pdf_url";s:0:"";s:9:"animation";s:4:"none";s:12:"cursor_style";s:7:"default";s:10:"fullscreen";s:10:"fullscreen";s:8:"duration";s:1:"2";s:9:"audio_url";s:0:"";}i:6;a:13:{s:4:"type";s:7:"content";s:12:"live_wp_type";s:4:"page";s:7:"page_id";s:0:"";s:9:"admin_url";s:10:"/wp-admin/";s:3:"url";s:0:"";s:7:"content";s:78:"das ist ein Test
und noch eine zeile
vielleicht könnte man es ausgestallten";s:8:"image_id";s:0:"";s:7:"pdf_url";s:0:"";s:9:"animation";s:4:"fade";s:12:"cursor_style";s:7:"default";s:10:"fullscreen";s:6:"window";s:8:"duration";s:1:"0";s:9:"audio_url";s:0:"";}}]]></wp:meta_value>
		</wp:postmeta>
	</item>
</channel>
</rss>
