{
    "$schema": "https://playground.wordpress.net/blueprint-schema.json",
    "login": true,
    "siteOptions": {
        "blogname": "Blueprint Creator",
        "blogdescription": "Erstellt mit Blueprint Creator "
    },
    "steps": [
        {
            "step": "setSiteLanguage",
            "language": "de_AT"
        },
        {
            "step": "installPlugin",
            "pluginData": {
                "resource": "bundled",
                "path": "/blueprintcreator-1766448242.zip"
            },
            "options": {
                "activate": true
            }
        },
        {
            "step": "installPlugin",
            "pluginData": {
                "resource": "bundled",
                "path": "/githubuploader-1766448242.zip"
            },
            "options": {
                "activate": true
            }
        },
        {
            "step": "importWxr",
            "file": {
                "resource": "bundled",
                "path": "/export-content-1766448242.xml"
            }
        },
        {
            "step": "unzip",
            "zipFile": {
                "resource": "bundled",
                "path": "/media-1766448242.zip"
            },
            "extractToPath": "/wordpress/wp-content/uploads/import"
        },
        {
            "step": "runPHP",
            "code": "<?php\nrequire_once '/wordpress/wp-load.php';\nrequire_once '/wordpress/wp-admin/includes/image.php';\nrequire_once '/wordpress/wp-admin/includes/file.php';\nrequire_once '/wordpress/wp-admin/includes/media.php';\n\n$import_dir = '/wordpress/wp-content/uploads/import';\n$media_info_file = $import_dir . '/media-info.json';\n\nif (file_exists($media_info_file)) {\n    $media_info = json_decode(file_get_contents($media_info_file), true);\n    \n    foreach ($media_info as $media) {\n        $file_path = $import_dir . '/' . $media['file'];\n        \n        if (!file_exists($file_path)) {\n            continue;\n        }\n        \n        // Target path in uploads directory\n        $target_path = '/wordpress/wp-content/uploads/' . $media['file'];\n        $target_dir = dirname($target_path);\n        \n        // Create directory if needed\n        if (!file_exists($target_dir)) {\n            wp_mkdir_p($target_dir);\n        }\n        \n        // Copy file to target location\n        copy($file_path, $target_path);\n        \n        // Insert attachment\n        $attachment = array(\n            'post_mime_type' => $media['mime_type'],\n            'post_title' => $media['title'],\n            'post_content' => $media['description'],\n            'post_excerpt' => $media['caption'],\n            'post_status' => 'inherit'\n        );\n        \n        $attach_id = wp_insert_attachment($attachment, $target_path);\n        \n        if ($attach_id) {\n            // Generate attachment metadata\n            $attach_data = wp_generate_attachment_metadata($attach_id, $target_path);\n            wp_update_attachment_metadata($attach_id, $attach_data);\n            \n            // Set alt text\n            if (!empty($media['alt'])) {\n                update_post_meta($attach_id, '_wp_attachment_image_alt', $media['alt']);\n            }\n            \n            echo \"Imported: \" . $media['title'] . \" (ID: $attach_id)\\n\";\n        }\n    }\n} else {\n    // Fallback: Import all files from import directory\n    $files = glob($import_dir . '/*');\n    \n    foreach ($files as $file) {\n        if (is_file($file) && basename($file) !== 'media-info.json') {\n            $filetype = wp_check_filetype(basename($file), null);\n            $attachment = array(\n                'post_mime_type' => $filetype['type'],\n                'post_title' => preg_replace('/\\.[^.]+$/', '', basename($file)),\n                'post_content' => '',\n                'post_status' => 'inherit'\n            );\n            \n            $attach_id = wp_insert_attachment($attachment, $file);\n            \n            if ($attach_id) {\n                $attach_data = wp_generate_attachment_metadata($attach_id, $file);\n                wp_update_attachment_metadata($attach_id, $attach_data);\n                \n                echo \"Imported: \" . basename($file) . \" (ID: $attach_id)\\n\";\n            }\n        }\n    }\n}\n\n// Clean up import directory\nfunction delete_import_dir($dir) {\n    if (!file_exists($dir)) return;\n    \n    $files = array_diff(scandir($dir), array('.', '..'));\n    foreach ($files as $file) {\n        $path = $dir . '/' . $file;\n        is_dir($path) ? delete_import_dir($path) : unlink($path);\n    }\n    rmdir($dir);\n}\n\ndelete_import_dir($import_dir);\n?>"
        }
    ]
}