<?xml version="1.0" encoding="UTF-8"?>
<rss version="2.0"
	xmlns:excerpt="http://wordpress.org/export/1.2/excerpt/"
	xmlns:content="http://purl.org/rss/1.0/modules/content/"
	xmlns:wfw="http://wellformedweb.org/CommentAPI/"
	xmlns:dc="http://purl.org/dc/elements/1.1/"
	xmlns:wp="http://wordpress.org/export/1.2/"
>
<channel>
	<title>Meine Test-Website</title>
	<link>http://localhost:8881</link>
	<description></description>
	<pubDate>Tue, 23 Dec 2025 00:04:02 +0000</pubDate>
	<language>de-AT</language>
	<wp:wxr_version>1.2</wp:wxr_version>
	<wp:base_site_url>http://localhost:8881</wp:base_site_url>
	<wp:base_blog_url>http://localhost:8881</wp:base_blog_url>

	<item>
		<title>Beispiel Blueprint</title>
		<link>http://localhost:8881/beispiel-blueprint/</link>
		<pubDate>Mi, 17 Dez 2025 11:36:30 +0000</pubDate>
		<dc:creator>admin</dc:creator>
		<guid isPermaLink="false">http://localhost:8881/beispiel-blueprint/</guid>
		<description></description>
		<content:encoded><![CDATA[
<p>Code Beispiele als zB: blueprint.json auf deiner Festplatte speichern und dann für Blueprint Applier verwenden.</p>



<pre class="wp-block-code"><code>{
  "landingPage": "/wp-admin/",
  "preferredVersions": {
    "php": "8.0",
    "wp": "latest"
  },
  "phpExtensionBundles": &#91;
    "kitchen-sink"
  ],
  "features": {
    "networking": true
  },
  "steps": &#91;
    {
      "step": "login",
      "username": "admin",
      "password": "password"
    },
    {
      "step": "installTheme",
      "themeZipFile": {
        "resource": "wordpress.org/themes",
        "slug": "twentytwentyfour"
      },
      "options": {
        "activate": true
      }
    },
    {
      "step": "installPlugin",
      "pluginZipFile": {
        "resource": "wordpress.org/plugins",
        "slug": "contact-form-7"
      },
      "options": {
        "activate": true
      }
    },
    {
      "step": "installPlugin",
      "pluginZipFile": {
        "resource": "wordpress.org/plugins",
        "slug": "classic-editor"
      },
      "options": {
        "activate": true
      }
    },
    {
      "step": "setSiteOptions",
      "options": {
        "blogname": "Meine Test-Website",
        "blogdescription": "Erstellt mit Blueprint Applier",
        "permalink_structure": "/%postname%/"
      }
    },
    {
      "step": "runPHP",
      "code": "&lt;?php\nupdate_option('show_on_front', 'page');\nupdate_option('page_on_front', 2);\n?>"
    }
  ]
}
</code></pre>
]]></content:encoded>
		<excerpt:encoded><![CDATA[]]></excerpt:encoded>

		<wp:post_id>738</wp:post_id>
		<wp:post_date>2025-12-17 11:36:30</wp:post_date>
		<wp:post_date_gmt>2025-12-17 11:36:30</wp:post_date_gmt>
		<wp:comment_status>closed</wp:comment_status>
		<wp:ping_status>closed</wp:ping_status>
		<wp:post_name>beispiel-blueprint</wp:post_name>
		<wp:status>publish</wp:status>
		<wp:post_parent>0</wp:post_parent>
		<wp:menu_order>0</wp:menu_order>
		<wp:post_type>page</wp:post_type>
		<wp:post_password></wp:post_password>
		<wp:is_sticky>0</wp:is_sticky>

		<wp:postmeta>
			<wp:meta_key>_edit_lock</wp:meta_key>
			<wp:meta_value><![CDATA[1765971763:1]]></wp:meta_value>
		</wp:postmeta>
		<wp:postmeta>
			<wp:meta_key>classic-editor-remember</wp:meta_key>
			<wp:meta_value><![CDATA[block-editor]]></wp:meta_value>
		</wp:postmeta>
	</item>
</channel>
</rss>
