{
    "$schema": "https://playground.wordpress.net/blueprint-schema.json",
    "login": true,
    "siteOptions": {
        "blogname": "Spiel Dich Frei"
    },
    "steps": [
        {
            "step": "setSiteLanguage",
            "language": "de_AT"
        },
        {
            "step": "installPlugin",
            "pluginData": {
                "resource": "wordpress.org/plugins",
                "slug": "events-manager"
            },
            "options": {
                "activate": true
            }
        },
        {
            "step": "installPlugin",
            "pluginData": {
                "resource": "wordpress.org/plugins",
                "slug": "learnpress"
            },
            "options": {
                "activate": true
            }
        },
        {
            "step": "installPlugin",
            "pluginData": {
                "resource": "wordpress.org/plugins",
                "slug": "mailpoet"
            },
            "options": {
                "activate": true
            }
        },
        {
            "step": "installPlugin",
            "pluginData": {
                "resource": "wordpress.org/plugins",
                "slug": "user-access-manager"
            },
            "options": {
                "activate": true
            }
        },
        {
            "step": "importWxr",
            "file": {
                "resource": "bundled",
                "path": "/export-content-1766088782.xml"
            }
        },
        {
            "step": "importWxr",
            "file": {
                "resource": "bundled",
                "path": "/export-fse-1766088782.xml"
            }
        },
        {
            "step": "runPHP",
            "code": "<?php\n/**\n * Register imported FSE templates with the active theme\n * This ensures templates appear in the Site Editor\n */\n\n// Ensure WordPress is loaded\nrequire_once 'wordpress/wp-load.php';\n\n// Get current theme slug\n$theme_slug = wp_get_theme()->get_stylesheet();\n\n// Get all imported FSE posts\n$fse_post_types = ['wp_template', 'wp_template_part', 'wp_navigation', 'wp_global_styles', 'wp_block'];\n\nforeach ($fse_post_types as $post_type) {\n    $posts = get_posts([\n        'post_type' => $post_type,\n        'post_status' => 'any',\n        'posts_per_page' => -1,\n        'fields' => 'ids'\n    ]);\n    \n    foreach ($posts as $post_id) {\n        $post = get_post($post_id);\n        \n        // Update the theme meta to link template to current theme\n        if ($post_type === 'wp_template' || $post_type === 'wp_template_part') {\n            update_post_meta($post_id, 'theme', $theme_slug);\n            \n            // Ensure wp:theme attribute in post content is updated\n            if (!empty($post->post_content)) {\n                $content = $post->post_content;\n                \n                // Update theme attribute in wp:template or wp:template-part blocks\n                $content = preg_replace(\n                    '/\"theme\":\"[^\"]*\"/',\n                    '\"theme\":\"' . $theme_slug . '\"',\n                    $content\n                );\n                \n                if ($content !== $post->post_content) {\n                    wp_update_post([\n                        'ID' => $post_id,\n                        'post_content' => $content\n                    ]);\n                }\n            }\n        }\n        \n        // For wp_navigation, ensure it's properly formatted and published\n        if ($post_type === 'wp_navigation') {\n            $updated = false;\n            $content = $post->post_content;\n            \n            // Ensure the content starts with <!-- wp:navigation\n            if (!empty($content) && strpos($content, '<!-- wp:navigation') === false) {\n                // Wrap content in navigation block if it's not already\n                if (strpos($content, '<!-- wp:') !== false) {\n                    // Content has blocks, wrap them in navigation\n                    $content = '<!-- wp:navigation {\"ref\":' . $post_id . '} /-->';\n                }\n                $updated = true;\n            }\n            \n            // Ensure it's published\n            if ($post->post_status !== 'publish') {\n                wp_update_post([\n                    'ID' => $post_id,\n                    'post_status' => 'publish',\n                    'post_content' => $updated ? $content : $post->post_content\n                ]);\n            } else if ($updated) {\n                wp_update_post([\n                    'ID' => $post_id,\n                    'post_content' => $content\n                ]);\n            }\n            \n            // Set the navigation meta\n            update_post_meta($post_id, '_wp_navigation_type', 'block');\n        }\n        \n        // For wp_global_styles, link to theme\n        if ($post_type === 'wp_global_styles') {\n            update_post_meta($post_id, 'theme', $theme_slug);\n            \n            // Ensure this is the active global styles\n            if ($post->post_status !== 'publish') {\n                wp_update_post([\n                    'ID' => $post_id,\n                    'post_status' => 'publish'\n                ]);\n            }\n        }\n    }\n}\n\n// Clear template cache\nwp_cache_flush();\n\n// Clear theme transients\ndelete_transient('theme_roots');\ndelete_transient('global_styles_' . $theme_slug);\n\necho \"✓ FSE templates registered with theme: {$theme_slug}\\n\";\necho \"✓ Total FSE items processed: \" . array_sum(array_map('count', array_map(function($pt) {\n    return get_posts(['post_type' => $pt, 'posts_per_page' => -1, 'fields' => 'ids']);\n}, $fse_post_types))) . \"\\n\";\n\n// List navigation menus\n$nav_menus = get_posts(['post_type' => 'wp_navigation', 'posts_per_page' => -1]);\nif (!empty($nav_menus)) {\n    echo \"✓ Navigation menus registered:\\n\";\n    foreach ($nav_menus as $nav) {\n        echo \"  - \" . $nav->post_title . \" (ID: \" . $nav->ID . \")\\n\";\n    }\n}\n?>"
        }
    ]
}