<?xml version="1.0" encoding="UTF-8"?>
<rss version="2.0"
	xmlns:excerpt="http://wordpress.org/export/1.2/excerpt/"
	xmlns:content="http://purl.org/rss/1.0/modules/content/"
	xmlns:wfw="http://wellformedweb.org/CommentAPI/"
	xmlns:dc="http://purl.org/dc/elements/1.1/"
	xmlns:wp="http://wordpress.org/export/1.2/"
>
<channel>
	<title>My WordPress Website</title>
	<link>https://playground.wordpress.net/scope:excited-quiet-ocean</link>
	<description></description>
	<pubDate>Thu, 18 Dec 2025 20:13:02 +0000</pubDate>
	<language>de-AT</language>
	<wp:wxr_version>1.2</wp:wxr_version>
	<wp:base_site_url>https://playground.wordpress.net/scope:excited-quiet-ocean</wp:base_site_url>
	<wp:base_blog_url>https://playground.wordpress.net/scope:excited-quiet-ocean</wp:base_blog_url>

	<item>
		<title>Header</title>
		<link>https://playground.wordpress.net/scope:excited-quiet-ocean/2025/12/18/header/</link>
		<pubDate>Do, 18 Dez 2025 20:03:46 +0000</pubDate>
		<dc:creator>admin</dc:creator>
		<guid isPermaLink="false">https://playground.wordpress.net/scope:excited-quiet-ocean/2025/12/18/header/</guid>
		<description></description>
		<content:encoded><![CDATA[<!-- wp:group {"align":"full","layout":{"type":"default"}} -->
<div class="wp-block-group alignfull"><!-- wp:group {"layout":{"type":"constrained"}} -->
<div class="wp-block-group"><!-- wp:group {"align":"wide","style":{"spacing":{"padding":{"top":"var:preset|spacing|30","bottom":"var:preset|spacing|30"}},"color":{"background":"#c8fe8a"}},"layout":{"type":"flex","flexWrap":"nowrap","justifyContent":"space-between"}} -->
<div class="wp-block-group alignwide has-background" style="background-color:#c8fe8a;padding-top:var(--wp--preset--spacing--30);padding-bottom:var(--wp--preset--spacing--30)"><!-- wp:site-title {"level":0,"style":{"elements":{"link":{"color":{"text":"#991093"}}},"color":{"text":"#991093"}}} /-->

<!-- wp:group {"style":{"spacing":{"blockGap":"var:preset|spacing|10"}},"layout":{"type":"flex","flexWrap":"nowrap","justifyContent":"right"}} -->
<div class="wp-block-group"><!-- wp:navigation {"overlayBackgroundColor":"base","overlayTextColor":"contrast","layout":{"type":"flex","justifyContent":"right","flexWrap":"wrap"}} /--></div>
<!-- /wp:group --></div>
<!-- /wp:group --></div>
<!-- /wp:group --></div>
<!-- /wp:group -->]]></content:encoded>
		<excerpt:encoded><![CDATA[]]></excerpt:encoded>

		<wp:post_id>305</wp:post_id>
		<wp:post_date>2025-12-18 20:03:46</wp:post_date>
		<wp:post_date_gmt>2025-12-18 20:03:46</wp:post_date_gmt>
		<wp:comment_status>closed</wp:comment_status>
		<wp:ping_status>closed</wp:ping_status>
		<wp:post_name>header</wp:post_name>
		<wp:status>publish</wp:status>
		<wp:post_parent>0</wp:post_parent>
		<wp:menu_order>0</wp:menu_order>
		<wp:post_type>wp_template_part</wp:post_type>
		<wp:post_password></wp:post_password>
		<wp:is_sticky>0</wp:is_sticky>

		<category domain="wp_theme" nicename="twentytwentyfive">twentytwentyfive</category>
		<category domain="wp_template_part_area" nicename="header">header</category>
		<wp:postmeta>
			<wp:meta_key>origin</wp:meta_key>
			<wp:meta_value><![CDATA[theme]]></wp:meta_value>
		</wp:postmeta>
	</item>
	<item>
		<title>Navigation</title>
		<link>https://playground.wordpress.net/scope:excited-quiet-ocean/2025/12/18/navigation/</link>
		<pubDate>Do, 18 Dez 2025 19:03:28 +0000</pubDate>
		<dc:creator>admin</dc:creator>
		<guid isPermaLink="false">https://playground.wordpress.net/scope:excited-quiet-ocean/2025/12/18/navigation/</guid>
		<description></description>
		<content:encoded><![CDATA[<!-- wp:page-list /-->]]></content:encoded>
		<excerpt:encoded><![CDATA[]]></excerpt:encoded>

		<wp:post_id>5</wp:post_id>
		<wp:post_date>2025-12-18 19:03:28</wp:post_date>
		<wp:post_date_gmt>2025-12-18 19:03:28</wp:post_date_gmt>
		<wp:comment_status>closed</wp:comment_status>
		<wp:ping_status>closed</wp:ping_status>
		<wp:post_name>navigation</wp:post_name>
		<wp:status>publish</wp:status>
		<wp:post_parent>0</wp:post_parent>
		<wp:menu_order>0</wp:menu_order>
		<wp:post_type>wp_navigation</wp:post_type>
		<wp:post_password></wp:post_password>
		<wp:is_sticky>0</wp:is_sticky>

	</item>
	<item>
		<title>Custom Styles</title>
		<link>https://playground.wordpress.net/scope:excited-quiet-ocean/2025/12/18/wp-global-styles-twentytwentyfive/</link>
		<pubDate>Do, 18 Dez 2025 19:07:34 +0000</pubDate>
		<dc:creator>admin</dc:creator>
		<guid isPermaLink="false">https://playground.wordpress.net/scope:excited-quiet-ocean/2025/12/18/wp-global-styles-twentytwentyfive/</guid>
		<description></description>
		<content:encoded><![CDATA[{"version": 3, "isGlobalStylesUserThemeJSON": true }]]></content:encoded>
		<excerpt:encoded><![CDATA[]]></excerpt:encoded>

		<wp:post_id>8</wp:post_id>
		<wp:post_date>2025-12-18 19:07:34</wp:post_date>
		<wp:post_date_gmt>2025-12-18 19:07:34</wp:post_date_gmt>
		<wp:comment_status>closed</wp:comment_status>
		<wp:ping_status>closed</wp:ping_status>
		<wp:post_name>wp-global-styles-twentytwentyfive</wp:post_name>
		<wp:status>publish</wp:status>
		<wp:post_parent>0</wp:post_parent>
		<wp:menu_order>0</wp:menu_order>
		<wp:post_type>wp_global_styles</wp:post_type>
		<wp:post_password></wp:post_password>
		<wp:is_sticky>0</wp:is_sticky>

		<category domain="wp_theme" nicename="twentytwentyfive">twentytwentyfive</category>
	</item>
</channel>
</rss>
