<?xml version="1.0" encoding="UTF-8"?>
<rss version="2.0"
	xmlns:excerpt="http://wordpress.org/export/1.2/excerpt/"
	xmlns:content="http://purl.org/rss/1.0/modules/content/"
	xmlns:wfw="http://wellformedweb.org/CommentAPI/"
	xmlns:dc="http://purl.org/dc/elements/1.1/"
	xmlns:wp="http://wordpress.org/export/1.2/"
>
<channel>
	<title>My WordPress Website</title>
	<link>https://playground.wordpress.net/scope:excited-quiet-ocean</link>
	<description></description>
	<pubDate>Thu, 18 Dec 2025 20:13:02 +0000</pubDate>
	<language>de-AT</language>
	<wp:wxr_version>1.2</wp:wxr_version>
	<wp:base_site_url>https://playground.wordpress.net/scope:excited-quiet-ocean</wp:base_site_url>
	<wp:base_blog_url>https://playground.wordpress.net/scope:excited-quiet-ocean</wp:base_blog_url>

	<item>
		<title>Spiel dich Frei</title>
		<link>https://playground.wordpress.net/scope:excited-quiet-ocean/2025/12/18/spiel-dich-frei/</link>
		<pubDate>Do, 18 Dez 2025 20:00:19 +0000</pubDate>
		<dc:creator>admin</dc:creator>
		<guid isPermaLink="false">https://playground.wordpress.net/scope:excited-quiet-ocean/2025/12/18/spiel-dich-frei/</guid>
		<description></description>
		<content:encoded><![CDATA[
<p class="has-accent-1-background-color has-text-color has-background has-link-color wp-elements-a467a8875f9bc9854add8caf08940ed2" style="color:#0c731b">ob impro oder spaß, und trotzdem professionell in Gesellschaft und Wirtschaft oder doch auch mit Freunde zu agieren, </p>



<p style="border-top-left-radius:43px;border-top-right-radius:24px;border-bottom-left-radius:24px;border-bottom-right-radius:24px"></p>
]]></content:encoded>
		<excerpt:encoded><![CDATA[]]></excerpt:encoded>

		<wp:post_id>299</wp:post_id>
		<wp:post_date>2025-12-18 20:00:19</wp:post_date>
		<wp:post_date_gmt>2025-12-18 20:00:19</wp:post_date_gmt>
		<wp:comment_status>open</wp:comment_status>
		<wp:ping_status>open</wp:ping_status>
		<wp:post_name>spiel-dich-frei</wp:post_name>
		<wp:status>publish</wp:status>
		<wp:post_parent>0</wp:post_parent>
		<wp:menu_order>0</wp:menu_order>
		<wp:post_type>post</wp:post_type>
		<wp:post_password></wp:post_password>
		<wp:is_sticky>0</wp:is_sticky>

		<category domain="category" nicename="uncategorized">Uncategorized</category>
		<wp:postmeta>
			<wp:meta_key>_edit_lock</wp:meta_key>
			<wp:meta_value><![CDATA[1766088172:1]]></wp:meta_value>
		</wp:postmeta>
		<wp:postmeta>
			<wp:meta_key>_edit_last</wp:meta_key>
			<wp:meta_value><![CDATA[1]]></wp:meta_value>
		</wp:postmeta>
	</item>
	<item>
		<title>Hello world!</title>
		<link>https://playground.wordpress.net/scope:excited-quiet-ocean/2025/12/02/hello-world/</link>
		<pubDate>Di, 02 Dez 2025 19:08:23 +0000</pubDate>
		<dc:creator>admin</dc:creator>
		<guid isPermaLink="false">https://playground.wordpress.net/scope:excited-quiet-ocean/2025/12/02/hello-world/</guid>
		<description></description>
		<content:encoded><![CDATA[
<p>Welcome to WordPress. This is your first post. Edit or delete it, then start writing!</p>
]]></content:encoded>
		<excerpt:encoded><![CDATA[]]></excerpt:encoded>

		<wp:post_id>1</wp:post_id>
		<wp:post_date>2025-12-02 19:08:23</wp:post_date>
		<wp:post_date_gmt>2025-12-02 19:08:23</wp:post_date_gmt>
		<wp:comment_status>open</wp:comment_status>
		<wp:ping_status>open</wp:ping_status>
		<wp:post_name>hello-world</wp:post_name>
		<wp:status>publish</wp:status>
		<wp:post_parent>0</wp:post_parent>
		<wp:menu_order>0</wp:menu_order>
		<wp:post_type>post</wp:post_type>
		<wp:post_password></wp:post_password>
		<wp:is_sticky>0</wp:is_sticky>

		<category domain="category" nicename="uncategorized">Uncategorized</category>
	</item>
	<item>
		<title>My Bookings</title>
		<link>https://playground.wordpress.net/scope:excited-quiet-ocean/events/my-bookings/</link>
		<pubDate>Do, 18 Dez 2025 19:46:25 +0000</pubDate>
		<dc:creator>admin</dc:creator>
		<guid isPermaLink="false">https://playground.wordpress.net/scope:excited-quiet-ocean/events/my-bookings/</guid>
		<description></description>
		<content:encoded><![CDATA[<p>CONTENTS</p>
]]></content:encoded>
		<excerpt:encoded><![CDATA[]]></excerpt:encoded>

		<wp:post_id>295</wp:post_id>
		<wp:post_date>2025-12-18 19:46:25</wp:post_date>
		<wp:post_date_gmt>2025-12-18 19:46:25</wp:post_date_gmt>
		<wp:comment_status>closed</wp:comment_status>
		<wp:ping_status>open</wp:ping_status>
		<wp:post_name>my-bookings</wp:post_name>
		<wp:status>publish</wp:status>
		<wp:post_parent>291</wp:post_parent>
		<wp:menu_order>0</wp:menu_order>
		<wp:post_type>page</wp:post_type>
		<wp:post_password></wp:post_password>
		<wp:is_sticky>0</wp:is_sticky>

	</item>
	<item>
		<title>Tags</title>
		<link>https://playground.wordpress.net/scope:excited-quiet-ocean/events/tags/</link>
		<pubDate>Do, 18 Dez 2025 19:46:25 +0000</pubDate>
		<dc:creator>admin</dc:creator>
		<guid isPermaLink="false">https://playground.wordpress.net/scope:excited-quiet-ocean/events/tags/</guid>
		<description></description>
		<content:encoded><![CDATA[<p>CONTENTS</p>
]]></content:encoded>
		<excerpt:encoded><![CDATA[]]></excerpt:encoded>

		<wp:post_id>294</wp:post_id>
		<wp:post_date>2025-12-18 19:46:25</wp:post_date>
		<wp:post_date_gmt>2025-12-18 19:46:25</wp:post_date_gmt>
		<wp:comment_status>closed</wp:comment_status>
		<wp:ping_status>open</wp:ping_status>
		<wp:post_name>tags</wp:post_name>
		<wp:status>publish</wp:status>
		<wp:post_parent>291</wp:post_parent>
		<wp:menu_order>0</wp:menu_order>
		<wp:post_type>page</wp:post_type>
		<wp:post_password></wp:post_password>
		<wp:is_sticky>0</wp:is_sticky>

	</item>
	<item>
		<title>Categories</title>
		<link>https://playground.wordpress.net/scope:excited-quiet-ocean/events/categories/</link>
		<pubDate>Do, 18 Dez 2025 19:46:25 +0000</pubDate>
		<dc:creator>admin</dc:creator>
		<guid isPermaLink="false">https://playground.wordpress.net/scope:excited-quiet-ocean/events/categories/</guid>
		<description></description>
		<content:encoded><![CDATA[<p>CONTENTS</p>
]]></content:encoded>
		<excerpt:encoded><![CDATA[]]></excerpt:encoded>

		<wp:post_id>293</wp:post_id>
		<wp:post_date>2025-12-18 19:46:25</wp:post_date>
		<wp:post_date_gmt>2025-12-18 19:46:25</wp:post_date_gmt>
		<wp:comment_status>closed</wp:comment_status>
		<wp:ping_status>open</wp:ping_status>
		<wp:post_name>categories</wp:post_name>
		<wp:status>publish</wp:status>
		<wp:post_parent>291</wp:post_parent>
		<wp:menu_order>0</wp:menu_order>
		<wp:post_type>page</wp:post_type>
		<wp:post_password></wp:post_password>
		<wp:is_sticky>0</wp:is_sticky>

	</item>
	<item>
		<title>Locations</title>
		<link>https://playground.wordpress.net/scope:excited-quiet-ocean/events/locations/</link>
		<pubDate>Do, 18 Dez 2025 19:46:25 +0000</pubDate>
		<dc:creator>admin</dc:creator>
		<guid isPermaLink="false">https://playground.wordpress.net/scope:excited-quiet-ocean/events/locations/</guid>
		<description></description>
		<content:encoded><![CDATA[<p>CONTENTS</p>
]]></content:encoded>
		<excerpt:encoded><![CDATA[]]></excerpt:encoded>

		<wp:post_id>292</wp:post_id>
		<wp:post_date>2025-12-18 19:46:25</wp:post_date>
		<wp:post_date_gmt>2025-12-18 19:46:25</wp:post_date_gmt>
		<wp:comment_status>closed</wp:comment_status>
		<wp:ping_status>open</wp:ping_status>
		<wp:post_name>locations</wp:post_name>
		<wp:status>publish</wp:status>
		<wp:post_parent>291</wp:post_parent>
		<wp:menu_order>0</wp:menu_order>
		<wp:post_type>page</wp:post_type>
		<wp:post_password></wp:post_password>
		<wp:is_sticky>0</wp:is_sticky>

	</item>
	<item>
		<title>Events</title>
		<link>https://playground.wordpress.net/scope:excited-quiet-ocean/events/</link>
		<pubDate>Do, 18 Dez 2025 19:46:25 +0000</pubDate>
		<dc:creator>admin</dc:creator>
		<guid isPermaLink="false">https://playground.wordpress.net/scope:excited-quiet-ocean/events/</guid>
		<description></description>
		<content:encoded><![CDATA[<p>CONTENTS</p>
]]></content:encoded>
		<excerpt:encoded><![CDATA[CONTENTS]]></excerpt:encoded>

		<wp:post_id>291</wp:post_id>
		<wp:post_date>2025-12-18 19:46:25</wp:post_date>
		<wp:post_date_gmt>2025-12-18 19:46:25</wp:post_date_gmt>
		<wp:comment_status>closed</wp:comment_status>
		<wp:ping_status>open</wp:ping_status>
		<wp:post_name>events</wp:post_name>
		<wp:status>publish</wp:status>
		<wp:post_parent>0</wp:post_parent>
		<wp:menu_order>0</wp:menu_order>
		<wp:post_type>page</wp:post_type>
		<wp:post_password></wp:post_password>
		<wp:is_sticky>0</wp:is_sticky>

	</item>
	<item>
		<title>newsletter</title>
		<link>https://playground.wordpress.net/scope:excited-quiet-ocean/newsletter/</link>
		<pubDate>Do, 18 Dez 2025 19:27:02 +0000</pubDate>
		<dc:creator>admin</dc:creator>
		<guid isPermaLink="false">https://playground.wordpress.net/scope:excited-quiet-ocean/newsletter/</guid>
		<description></description>
		<content:encoded><![CDATA[]]></content:encoded>
		<excerpt:encoded><![CDATA[]]></excerpt:encoded>

		<wp:post_id>20</wp:post_id>
		<wp:post_date>2025-12-18 19:27:02</wp:post_date>
		<wp:post_date_gmt>2025-12-18 19:27:02</wp:post_date_gmt>
		<wp:comment_status>closed</wp:comment_status>
		<wp:ping_status>closed</wp:ping_status>
		<wp:post_name>newsletter</wp:post_name>
		<wp:status>publish</wp:status>
		<wp:post_parent>0</wp:post_parent>
		<wp:menu_order>0</wp:menu_order>
		<wp:post_type>page</wp:post_type>
		<wp:post_password></wp:post_password>
		<wp:is_sticky>0</wp:is_sticky>

		<wp:postmeta>
			<wp:meta_key>_edit_lock</wp:meta_key>
			<wp:meta_value><![CDATA[1766088692:1]]></wp:meta_value>
		</wp:postmeta>
		<wp:postmeta>
			<wp:meta_key>_edit_last</wp:meta_key>
			<wp:meta_value><![CDATA[1]]></wp:meta_value>
		</wp:postmeta>
	</item>
	<item>
		<title>Terms and Conditions</title>
		<link>https://playground.wordpress.net/scope:excited-quiet-ocean/term_conditions/</link>
		<pubDate>Do, 18 Dez 2025 19:23:49 +0000</pubDate>
		<dc:creator>admin</dc:creator>
		<guid isPermaLink="false">https://playground.wordpress.net/scope:excited-quiet-ocean/term_conditions/</guid>
		<description></description>
		<content:encoded><![CDATA[]]></content:encoded>
		<excerpt:encoded><![CDATA[]]></excerpt:encoded>

		<wp:post_id>19</wp:post_id>
		<wp:post_date>2025-12-18 19:23:49</wp:post_date>
		<wp:post_date_gmt>2025-12-18 19:23:49</wp:post_date_gmt>
		<wp:comment_status>closed</wp:comment_status>
		<wp:ping_status>closed</wp:ping_status>
		<wp:post_name>term_conditions</wp:post_name>
		<wp:status>publish</wp:status>
		<wp:post_parent>0</wp:post_parent>
		<wp:menu_order>0</wp:menu_order>
		<wp:post_type>page</wp:post_type>
		<wp:post_password></wp:post_password>
		<wp:is_sticky>0</wp:is_sticky>

	</item>
	<item>
		<title>Become an Instructor</title>
		<link>https://playground.wordpress.net/scope:excited-quiet-ocean/become_a_teacher/</link>
		<pubDate>Do, 18 Dez 2025 19:23:49 +0000</pubDate>
		<dc:creator>admin</dc:creator>
		<guid isPermaLink="false">https://playground.wordpress.net/scope:excited-quiet-ocean/become_a_teacher/</guid>
		<description></description>
		<content:encoded><![CDATA[]]></content:encoded>
		<excerpt:encoded><![CDATA[]]></excerpt:encoded>

		<wp:post_id>18</wp:post_id>
		<wp:post_date>2025-12-18 19:23:49</wp:post_date>
		<wp:post_date_gmt>2025-12-18 19:23:49</wp:post_date_gmt>
		<wp:comment_status>closed</wp:comment_status>
		<wp:ping_status>closed</wp:ping_status>
		<wp:post_name>become_a_teacher</wp:post_name>
		<wp:status>publish</wp:status>
		<wp:post_parent>0</wp:post_parent>
		<wp:menu_order>0</wp:menu_order>
		<wp:post_type>page</wp:post_type>
		<wp:post_password></wp:post_password>
		<wp:is_sticky>0</wp:is_sticky>

	</item>
	<item>
		<title>Instructor</title>
		<link>https://playground.wordpress.net/scope:excited-quiet-ocean/instructor/</link>
		<pubDate>Do, 18 Dez 2025 19:23:48 +0000</pubDate>
		<dc:creator>admin</dc:creator>
		<guid isPermaLink="false">https://playground.wordpress.net/scope:excited-quiet-ocean/instructor/</guid>
		<description></description>
		<content:encoded><![CDATA[
]]></content:encoded>
		<excerpt:encoded><![CDATA[]]></excerpt:encoded>

		<wp:post_id>17</wp:post_id>
		<wp:post_date>2025-12-18 19:23:48</wp:post_date>
		<wp:post_date_gmt>2025-12-18 19:23:48</wp:post_date_gmt>
		<wp:comment_status>closed</wp:comment_status>
		<wp:ping_status>closed</wp:ping_status>
		<wp:post_name>instructor</wp:post_name>
		<wp:status>publish</wp:status>
		<wp:post_parent>0</wp:post_parent>
		<wp:menu_order>0</wp:menu_order>
		<wp:post_type>page</wp:post_type>
		<wp:post_password></wp:post_password>
		<wp:is_sticky>0</wp:is_sticky>

	</item>
	<item>
		<title>Instructors</title>
		<link>https://playground.wordpress.net/scope:excited-quiet-ocean/instructors/</link>
		<pubDate>Do, 18 Dez 2025 19:23:48 +0000</pubDate>
		<dc:creator>admin</dc:creator>
		<guid isPermaLink="false">https://playground.wordpress.net/scope:excited-quiet-ocean/instructors/</guid>
		<description></description>
		<content:encoded><![CDATA[<div class="lp-content-area"><div class="lp-list-instructors">			<ul class="ul-list-instructors">
					<ul class="lp-skeleton-animation" style="">
					<li style="width: 95%; "></li>
					<li style="width: 99%; "></li>
					<li style="width: 92%; "></li>
					<li style="width: 91%; "></li>
					<li style="width: 90%; "></li>
					<li style="width: 100%; "></li>
					<li style="width: 90%; "></li>
					<li style="width: 97%; "></li>
					<li style="width: 98%; "></li>
					<li style="width: 99%; "></li>
			</ul>

				</ul>
			</div></div>
]]></content:encoded>
		<excerpt:encoded><![CDATA[]]></excerpt:encoded>

		<wp:post_id>16</wp:post_id>
		<wp:post_date>2025-12-18 19:23:48</wp:post_date>
		<wp:post_date_gmt>2025-12-18 19:23:48</wp:post_date_gmt>
		<wp:comment_status>closed</wp:comment_status>
		<wp:ping_status>closed</wp:ping_status>
		<wp:post_name>instructors</wp:post_name>
		<wp:status>publish</wp:status>
		<wp:post_parent>0</wp:post_parent>
		<wp:menu_order>0</wp:menu_order>
		<wp:post_type>page</wp:post_type>
		<wp:post_password></wp:post_password>
		<wp:is_sticky>0</wp:is_sticky>

	</item>
	<item>
		<title>Courses</title>
		<link>https://playground.wordpress.net/scope:excited-quiet-ocean/courses/</link>
		<pubDate>Do, 18 Dez 2025 19:23:48 +0000</pubDate>
		<dc:creator>admin</dc:creator>
		<guid isPermaLink="false">https://playground.wordpress.net/scope:excited-quiet-ocean/courses/</guid>
		<description></description>
		<content:encoded><![CDATA[]]></content:encoded>
		<excerpt:encoded><![CDATA[]]></excerpt:encoded>

		<wp:post_id>15</wp:post_id>
		<wp:post_date>2025-12-18 19:23:48</wp:post_date>
		<wp:post_date_gmt>2025-12-18 19:23:48</wp:post_date_gmt>
		<wp:comment_status>closed</wp:comment_status>
		<wp:ping_status>closed</wp:ping_status>
		<wp:post_name>courses</wp:post_name>
		<wp:status>publish</wp:status>
		<wp:post_parent>0</wp:post_parent>
		<wp:menu_order>0</wp:menu_order>
		<wp:post_type>page</wp:post_type>
		<wp:post_password></wp:post_password>
		<wp:is_sticky>0</wp:is_sticky>

	</item>
	<item>
		<title>Profile</title>
		<link>https://playground.wordpress.net/scope:excited-quiet-ocean/lp-profile/</link>
		<pubDate>Do, 18 Dez 2025 19:23:48 +0000</pubDate>
		<dc:creator>admin</dc:creator>
		<guid isPermaLink="false">https://playground.wordpress.net/scope:excited-quiet-ocean/lp-profile/</guid>
		<description></description>
		<content:encoded><![CDATA[<div class="learnpress"><div
	class="learn-press-message error lp-content-area">This shortcode LP Profile only use on the page <a href="https://playground.wordpress.net/scope:excited-quiet-ocean/wp-admin/admin.php?page=learn-press-settings"><strong>Profile</strong></a></div>
</div>
]]></content:encoded>
		<excerpt:encoded><![CDATA[]]></excerpt:encoded>

		<wp:post_id>14</wp:post_id>
		<wp:post_date>2025-12-18 19:23:48</wp:post_date>
		<wp:post_date_gmt>2025-12-18 19:23:48</wp:post_date_gmt>
		<wp:comment_status>closed</wp:comment_status>
		<wp:ping_status>closed</wp:ping_status>
		<wp:post_name>lp-profile</wp:post_name>
		<wp:status>publish</wp:status>
		<wp:post_parent>0</wp:post_parent>
		<wp:menu_order>0</wp:menu_order>
		<wp:post_type>page</wp:post_type>
		<wp:post_password></wp:post_password>
		<wp:is_sticky>0</wp:is_sticky>

	</item>
	<item>
		<title>Checkout</title>
		<link>https://playground.wordpress.net/scope:excited-quiet-ocean/lp-checkout/</link>
		<pubDate>Do, 18 Dez 2025 19:23:48 +0000</pubDate>
		<dc:creator>admin</dc:creator>
		<guid isPermaLink="false">https://playground.wordpress.net/scope:excited-quiet-ocean/lp-checkout/</guid>
		<description></description>
		<content:encoded><![CDATA[]]></content:encoded>
		<excerpt:encoded><![CDATA[]]></excerpt:encoded>

		<wp:post_id>13</wp:post_id>
		<wp:post_date>2025-12-18 19:23:48</wp:post_date>
		<wp:post_date_gmt>2025-12-18 19:23:48</wp:post_date_gmt>
		<wp:comment_status>closed</wp:comment_status>
		<wp:ping_status>closed</wp:ping_status>
		<wp:post_name>lp-checkout</wp:post_name>
		<wp:status>publish</wp:status>
		<wp:post_parent>0</wp:post_parent>
		<wp:menu_order>0</wp:menu_order>
		<wp:post_type>page</wp:post_type>
		<wp:post_password></wp:post_password>
		<wp:is_sticky>0</wp:is_sticky>

	</item>
	<item>
		<title>Freundeseite</title>
		<link>https://playground.wordpress.net/scope:excited-quiet-ocean/freundeseite/</link>
		<pubDate>Do, 18 Dez 2025 19:07:51 +0000</pubDate>
		<dc:creator>admin</dc:creator>
		<guid isPermaLink="false">https://playground.wordpress.net/scope:excited-quiet-ocean/freundeseite/</guid>
		<description></description>
		<content:encoded><![CDATA[
<p>teste</p>
]]></content:encoded>
		<excerpt:encoded><![CDATA[]]></excerpt:encoded>

		<wp:post_id>7</wp:post_id>
		<wp:post_date>2025-12-18 19:07:51</wp:post_date>
		<wp:post_date_gmt>2025-12-18 19:07:51</wp:post_date_gmt>
		<wp:comment_status>closed</wp:comment_status>
		<wp:ping_status>closed</wp:ping_status>
		<wp:post_name>freundeseite</wp:post_name>
		<wp:status>publish</wp:status>
		<wp:post_parent>0</wp:post_parent>
		<wp:menu_order>0</wp:menu_order>
		<wp:post_type>page</wp:post_type>
		<wp:post_password></wp:post_password>
		<wp:is_sticky>0</wp:is_sticky>

		<wp:postmeta>
			<wp:meta_key>_edit_lock</wp:meta_key>
			<wp:meta_value><![CDATA[1766088740:1]]></wp:meta_value>
		</wp:postmeta>
		<wp:postmeta>
			<wp:meta_key>_edit_last</wp:meta_key>
			<wp:meta_value><![CDATA[1]]></wp:meta_value>
		</wp:postmeta>
	</item>
	<item>
		<title>Hello from WordPress Playground!</title>
		<link>https://playground.wordpress.net/scope:excited-quiet-ocean/hello-from-playground/</link>
		<pubDate>Do, 18 Dez 2025 19:03:27 +0000</pubDate>
		<dc:creator></dc:creator>
		<guid isPermaLink="false">https://playground.wordpress.net/scope:excited-quiet-ocean/hello-from-playground/</guid>
		<description></description>
		<content:encoded><![CDATA[
<div class="wp-block-cover alignfull is-light" style="min-height:850px;aspect-ratio:unset;"><img decoding="async" class="wp-block-cover__image-background wp-image-77 size-full" alt="" src="https://raw.githubusercontent.com/wordpress/blueprints/refs/heads/trunk/blueprints/welcome/assets/imgs/cover-image-playground.webp" style="object-position:50% 30%" data-object-fit="cover" data-object-position="50% 30%"/><span aria-hidden="true" class="wp-block-cover__background has-background-dim-0 has-background-dim"></span><div class="wp-block-cover__inner-container has-global-padding is-layout-constrained wp-container-core-cover-is-layout-52520bdf wp-block-cover-is-layout-constrained">
<div class="wp-block-columns alignwide is-layout-flex wp-container-core-columns-is-layout-28f84493 wp-block-columns-is-layout-flex">
<div class="wp-block-column is-layout-flow wp-block-column-is-layout-flow" style="flex-basis:50%">
<h1 class="wp-block-heading has-text-align-left has-xx-large-font-size">Hello from <mark style="background-color:rgba(0, 0, 0, 0);color:#3858e9" class="has-inline-color">WordPress Playground!</mark></h1>



<div class="wp-block-group has-global-padding is-layout-constrained wp-block-group-is-layout-constrained">
<p class="has-text-align-left has-large-font-size wp-container-content-663c14dd">This is Playground, a WordPress that runs client-side in your browser. It&#8217;s perfect for training, demonstrating plugins and themes, and for testing purposes. </p>



<p class="has-text-align-left has-large-font-size wp-container-content-663c14dd"><mark style="background-color:#f6e38f" class="has-inline-color">Note that you are logged-in as admin!</mark><br>Thus, you can modify this site as you like: edit content, install plugins and play around.</p>



<p class="has-text-align-left has-large-font-size wp-container-content-663c14dd">To start over, simply reload the page!</p>
</div>



<div class="wp-block-buttons is-content-justification-left is-layout-flex wp-container-core-buttons-is-layout-fc4fd283 wp-block-buttons-is-layout-flex">
<div class="wp-block-button"><a class="wp-block-button__link has-background wp-element-button" href="https://wordpress.github.io/wordpress-playground/" style="border-radius:0px;background-color:#3858e9;text-transform:uppercase" target="_blank" rel="noopener noreferrer">Discover the mission behind Playground</a></div>
</div>
</div>



<div class="wp-block-column is-layout-flow wp-block-column-is-layout-flow" style="flex-basis:50%"></div>
</div>
</div></div>



<div class="wp-block-group alignfull has-base-color has-contrast-background-color has-text-color has-background has-link-color wp-elements-0120b50b07d6a5cc9fcad1fd8a8255d8 has-global-padding is-content-justification-center is-layout-constrained wp-container-core-group-is-layout-2a265b66 wp-block-group-is-layout-constrained" id="about-section" style="margin-top:0;margin-bottom:var(--wp--preset--spacing--60);padding-top:var(--wp--preset--spacing--60);padding-right:var(--wp--preset--spacing--40);padding-bottom:var(--wp--preset--spacing--60);padding-left:var(--wp--preset--spacing--40)">
<div class="wp-block-columns is-layout-flex wp-container-core-columns-is-layout-28f84493 wp-block-columns-is-layout-flex">
<div class="wp-block-column is-layout-flow wp-block-column-is-layout-flow" style="flex-basis:50%">
<iframe loading="lazy" width="560" height="315" src="https://www.youtube.com/embed/HWPSYWGY0YA?si=EFEzzWw3YI8vNSbd" title="YouTube video player" frameborder="0" allow="accelerometer; autoplay; clipboard-write; encrypted-media; gyroscope; picture-in-picture; web-share" referrerpolicy="strict-origin-when-cross-origin" allowfullscreen style="aspect-ratio: 16 / 9; max-height: 100%; max-width: 100%;"></iframe>
</div>



<div class="wp-block-column is-layout-flow wp-block-column-is-layout-flow" style="flex-basis:50%">
<div class="wp-block-group has-global-padding is-layout-constrained wp-block-group-is-layout-constrained">
<h2 class="wp-block-heading">What is WordPress Playground?</h2>



<p>WordPress Playground allows users to experiment and build websites directly within a browser, eliminating the need for local setup. </p>



<p>By leveraging WebAssembly (WASM), it offers a seamless and secure environment that replicates a traditional hosting experience and streamlining workflows.</p>
</div>
</div>
</div>
</div>



<div class="wp-block-group alignfull has-global-padding is-content-justification-center is-layout-constrained wp-container-core-group-is-layout-fe053b06 wp-block-group-is-layout-constrained" id="blueprints-gallery" style="margin-top:0;margin-bottom:var(--wp--preset--spacing--60);padding-top:var(--wp--preset--spacing--20);padding-right:var(--wp--preset--spacing--20);padding-bottom:var(--wp--preset--spacing--20);padding-left:var(--wp--preset--spacing--20)">
<div class="wp-block-group alignwide is-layout-flow wp-block-group-is-layout-flow" style="padding-right:24px">
<h2 class="wp-block-heading alignwide">Explore Blueprints Gallery</h2>



<p class="has-text-align-left wp-container-content-663c14dd">With Blueprints you can run a WordPress instance with a pre-defined content. The following examples displays what you can achieve with WordPress Playground + Blueprints.</p>
</div>



<div class="wp-block-columns alignwide are-vertically-aligned-center is-layout-flex wp-container-core-columns-is-layout-b1c9c580 wp-block-columns-is-layout-flex">
<div class="wp-block-column is-vertically-aligned-center is-layout-flow wp-block-column-is-layout-flow" style="flex-basis:33.33%">
<figure class="wp-block-image size-large"><a href="https://playground.wordpress.net/?blueprint-url=https://raw.githubusercontent.com/WordPress/blueprints/refs/heads/trunk/blueprints/stylish-press/blueprint.json" target="_blank" rel="noopener noreferrer"><img decoding="async" src="https://raw.githubusercontent.com/WordPress/blueprints/refs/heads/trunk/blueprints/welcome/assets/imgs/thumbnail-playground-1.webp" alt="handyman tools and equipment arranged neatly on a workbench, with a professional and approachable look"/></a><figcaption class="wp-element-caption"><a href="https://playground.wordpress.net/?blueprint-url=https://raw.githubusercontent.com/WordPress/blueprints/refs/heads/trunk/blueprints/stylish-press/blueprint.json" target="_blank" rel="noopener noreferrer">StylishPress</a></figcaption></figure>
</div>



<div class="wp-block-column is-vertically-aligned-center is-layout-flow wp-block-column-is-layout-flow" style="flex-basis:33.33%">
<figure class="wp-block-image size-large"><a href="https://playground.wordpress.net/?blueprint-url=https://raw.githubusercontent.com/WordPress/blueprints/refs/heads/trunk/blueprints/woo-shipping/blueprint.json" target="_blank" rel="noopener noreferrer"><img decoding="async" src="https://raw.githubusercontent.com/WordPress/blueprints/refs/heads/trunk/blueprints/welcome/assets/imgs/thumbnail-playground-2.webp" alt="ecommerce store concept, showcasing online shopping with cart, products, and digital elements"/></a><figcaption class="wp-element-caption"><a href="https://playground.wordpress.net/?blueprint-url=https://raw.githubusercontent.com/WordPress/blueprints/refs/heads/trunk/blueprints/woo-shipping/blueprint.json" target="_blank" rel="noopener noreferrer">Woocommerce Store</a></figcaption></figure>
</div>



<div class="wp-block-column is-vertically-aligned-center is-layout-flow wp-block-column-is-layout-flow" style="flex-basis:33.33%">
<figure class="wp-block-image size-large"><a href="https://playground.wordpress.net/?blank" target="_blank" rel="noopener noreferrer"><img decoding="async" src="https://raw.githubusercontent.com/WordPress/blueprints/refs/heads/trunk/blueprints/welcome/assets/imgs/thumbnail-playground-3.webp" alt="a white room with a canvas displaying a drawing of a website wireframe, representing a blank canvas website concept"/></a><figcaption class="wp-element-caption"><a href="https://playground.wordpress.net/?blank" target="_blank" rel="noopener noreferrer">Blank Canvas</a></figcaption></figure>
</div>
</div>



<p class="has-text-align-center wp-container-content-663c14dd">The Playground community created a directory of blueprint examples, from making posts with <code>wp-cli</code> to showcasing plugins with media. Check out the link below to learn more.</p>



<div class="wp-block-buttons is-content-justification-center is-layout-flex wp-container-core-buttons-is-layout-a89b3969 wp-block-buttons-is-layout-flex">
<div class="wp-block-button"><a class="wp-block-button__link has-background wp-element-button" href="https://wordpress.github.io/blueprints/gallery.html" style="border-radius:0px;background-color:#3858e9;text-transform:uppercase" target="_blank" rel="noopener noreferrer">Blueprints Gallery</a></div>
</div>
</div>



<div class="wp-block-group alignfull has-base-color has-contrast-background-color has-text-color has-background has-link-color wp-elements-5e5683413603095eeaf1c4965c64c547 has-global-padding is-content-justification-center is-layout-constrained wp-container-core-group-is-layout-2a265b66 wp-block-group-is-layout-constrained" id="playground-users" style="margin-top:0;margin-bottom:var(--wp--preset--spacing--60);padding-top:var(--wp--preset--spacing--60);padding-right:var(--wp--preset--spacing--40);padding-bottom:var(--wp--preset--spacing--60);padding-left:var(--wp--preset--spacing--40)">
<div class="wp-block-group has-global-padding is-layout-constrained wp-block-group-is-layout-constrained">
<h2 class="wp-block-heading has-text-align-center">How Can WordPress Playground Be Useful to Me?</h2>



<p class="has-text-align-center">You&#8217;ve heard about WordPress Playground, but you’re still not sure how it can benefit you? Let’s find out together!</p>



<details class="wp-block-details alignwide has-large-font-size is-layout-flow wp-block-details-is-layout-flow" open><summary>I’m a Theme Author</summary>
<h3 class="wp-block-heading">Showcase</h3>



<p class="has-medium-font-size">As a theme author, WordPress Playground provides a platform to showcase your themes effortlessly. Visitors can experience your design in a live environment without needing a separate installation, which makes it easier for you to attract potential users.</p>



<h3 class="wp-block-heading">Test</h3>



<p class="has-medium-font-size">You can test your theme&#8217;s responsiveness and compatibility across different devices and WordPress versions. WordPress Playground allows you to make adjustments in real-time and see how your theme looks and behaves with various settings and plugins.</p>
</details>



<hr class="wp-block-separator alignwide has-alpha-channel-opacity"/>



<details class="wp-block-details alignwide has-large-font-size is-layout-flow wp-block-details-is-layout-flow"><summary>I’m a Plugin Author</summary>
<h3 class="wp-block-heading">Showcase</h3>



<p class="has-medium-font-size">If you&#8217;re developing or maintaining plugins, WordPress Playground can help you showcase your plugin, allowing you to convince future users to choose your plugin by trying it out without you having to maintain any infrastructure.</p>



<h3 class="wp-block-heading">Test</h3>



<p class="has-medium-font-size">You can spin up your plugin in different environments to figure out how it interacts with other plugins, confirm and try your onboarding flow, or use Playwright for end-to-end testing of your plugin.</p>
</details>



<hr class="wp-block-separator alignwide has-alpha-channel-opacity"/>



<details class="wp-block-details alignwide has-large-font-size is-layout-flow wp-block-details-is-layout-flow"><summary>I’m a WordPress Site Owner</summary>
<h3 class="wp-block-heading">Experiment</h3>



<p class="has-medium-font-size">As a WordPress site owner, WordPress Playground lets you experiment with new features, themes, and plugins in a risk-free environment. You can explore enhancements without fear of breaking your live site, giving you the confidence to try new ideas.</p>



<h3 class="wp-block-heading">Validate</h3>



<p class="has-medium-font-size">You can validate changes or updates before applying them to your live site, ensuring that everything works as intended. Whether it’s testing a new plugin or trying out a new theme, WordPress Playground helps you make informed decisions.</p>
</details>



<hr class="wp-block-separator alignwide has-alpha-channel-opacity"/>



<details class="wp-block-details alignwide has-large-font-size is-layout-flow wp-block-details-is-layout-flow"><summary>I’m a WordPress User</summary>
<h3 class="wp-block-heading">Learn</h3>



<p class="has-medium-font-size">If you&#8217;re exploring WordPress for the first time or looking to enhance your skills, the WordPress Playground is an excellent learning tool. You can practice working with WordPress like trying the Site Editor and gain hands-on experience, all without any risk to a live site.</p>



<h3 class="wp-block-heading">Build</h3>



<p class="has-medium-font-size">Create a personal demo site to experiment with widgets, settings, and layouts. This sandbox environment allows you to get comfortable with WordPress, helping you understand how to make the most of the platform for your own projects. You can then export your site to share it with others.</p>
</details>
</div>
</div>



<div class="wp-block-group alignfull has-global-padding is-content-justification-center is-layout-constrained wp-container-core-group-is-layout-fe053b06 wp-block-group-is-layout-constrained" id="playground-cli" style="margin-top:0;margin-bottom:var(--wp--preset--spacing--60);padding-top:var(--wp--preset--spacing--20);padding-right:var(--wp--preset--spacing--20);padding-bottom:var(--wp--preset--spacing--20);padding-left:var(--wp--preset--spacing--20)">
<div class="wp-block-group alignwide has-background is-layout-flow wp-block-group-is-layout-flow" style="background-color:#f6f6f6;padding-top:var(--wp--preset--spacing--60);padding-right:var(--wp--preset--spacing--60);padding-bottom:var(--wp--preset--spacing--60);padding-left:var(--wp--preset--spacing--60)">
<h2 class="wp-block-heading alignwide">Run Playground in your terminal</h2>



<p class="has-text-align-left wp-container-content-663c14dd">Beyond the browser, WordPress Playground is also available as a <a href="https://www.npmjs.com/package/@wp-playground/cli" target="_blank" rel="noopener noreferrer">local CLI tool</a> for developers to build their plugins, themes, and run test automations.</p>



<pre class="wp-block-code has-accent-4-color has-accent-5-background-color has-text-color has-background has-link-color wp-elements-bbcbdf4b592e672ad71a9281a07e2817"><code>$ npx @wp-playground/cli@latest server</code></pre>



<div class="wp-block-buttons is-layout-flex wp-block-buttons-is-layout-flex">
<div class="wp-block-button"><a class="wp-block-button__link has-background wp-element-button" href="https://wordpress.github.io/wordpress-playground/developers/local-development/wp-playground-cli" style="border-radius:0px;background-color:#3858e9;text-transform:uppercase" target="_blank" rel="noreferrer noopener">Learn More</a></div>
</div>
</div>
</div>



<div class="wp-block-cover alignfull is-light" style="margin-top:0;margin-bottom:0;padding-top:0;padding-bottom:0" id="php-playground"><img decoding="async" class="wp-block-cover__image-background wp-image-80 size-full" alt="" src="https://raw.githubusercontent.com/wordpress/blueprints/refs/heads/trunk/blueprints/welcome/assets/imgs/cover-image-playground-2.webp" data-object-fit="cover"/><span aria-hidden="true" class="wp-block-cover__background has-base-background-color has-background-dim-0 has-background-dim"></span><div class="wp-block-cover__inner-container has-global-padding is-layout-constrained wp-container-core-cover-is-layout-0583d84d wp-block-cover-is-layout-constrained">
<div class="wp-block-columns alignwide is-layout-flex wp-container-core-columns-is-layout-28f84493 wp-block-columns-is-layout-flex">
<div class="wp-block-column is-layout-flow wp-block-column-is-layout-flow"></div>



<div class="wp-block-column is-layout-flow wp-block-column-is-layout-flow" style="flex-basis:40%">
<h2 class="wp-block-heading has-text-align-right">Test Our Brand New<br><em><mark style="background-color:rgba(0, 0, 0, 0);color:#3858e9" class="has-inline-color">PHP Playground</mark></em></h2>



<p class="has-text-align-right">This sandbox lets you write, test, and debug code directly from the client-side, which enables instant, shareable, and safe code prototyping in a way that wasn&#8217;t previously possible.</p>



<div class="wp-block-buttons is-content-justification-right is-layout-flex wp-container-core-buttons-is-layout-d445cf74 wp-block-buttons-is-layout-flex">
<div class="wp-block-button"><a class="wp-block-button__link has-background wp-element-button" href="https://playground.wordpress.net/php-playground.html" style="border-radius:0px;background-color:#3858e9;text-transform:uppercase" target="_blank" rel="noopener noreferrer">Go to PHP playground</a></div>
</div>
</div>
</div>
</div></div>



<div class="wp-block-group alignfull learn-more-about-playground has-base-color has-text-color has-background has-link-color wp-elements-4b829ebd1d24d8c73d8bda2ea9e727a7 has-global-padding is-layout-constrained wp-container-core-group-is-layout-cb083e6d wp-block-group-is-layout-constrained" id="learn-more-about-playground" style="background-color:#1a1919;margin-top:0;padding-top:var(--wp--preset--spacing--50);padding-bottom:var(--wp--preset--spacing--50)">
<div class="wp-block-group is-content-justification-right is-nowrap is-layout-flex wp-container-core-group-is-layout-17124a9a wp-block-group-is-layout-flex">
<figure class="wp-block-image size-full is-resized"><img decoding="async" src="https://raw.githubusercontent.com/wordpress/blueprints/refs/heads/trunk/blueprints/welcome/assets/imgs/playground-logo-150x150.png" alt="" class="wp-image-8" style="width:32px;height:auto"/></figure>



<h3 class="wp-block-heading has-text-align-right">Learn more about Playground</h3>
</div>



<div class="wp-block-group more-playground-links is-vertical is-content-justification-right is-layout-flex wp-container-core-group-is-layout-c0d519fa wp-block-group-is-layout-flex">
<p class="has-text-align-right" style="text-decoration:none"><a href="https://wordpress.github.io/wordpress-playground/" target="_blank" rel="noreferrer noopener">Documentation</a></p>



<p class="has-text-align-right" style="text-decoration:none"><a href="https://wordpress.slack.com/archives/C04EWKGDJ0K" target="_blank" rel="noreferrer noopener">Slack Channel</a></p>



<p class="has-text-align-right"><a href="https://github.com/WordPress/wordpress-playground" target="_blank" rel="noreferrer noopener">GitHub</a></p>



<p class="has-text-align-right"><a href="https://make.wordpress.org/playground/" target="_blank" rel="noreferrer noopener">Playground Blog</a></p>



<p class="has-text-align-right"><a href="https://github.com/WordPress/wordpress-playground/issues/new" target="_blank" rel="noreferrer noopener">Did you find a bug?</a></p>
</div>
</div>



<style>
#wp-block-post-title,
.wp-block-post-title { display: none; }
main.wp-block-group { margin-top: 0px !important; padding-top: 0px !important; }

@font-face {
    font-family: 'EB Garamond';
    src: url('https://raw.githubusercontent.com/WordPress/blueprints/refs/heads/trunk/blueprints/welcome/assets/fonts/ebgaramond-regular.ttf') format('truetype');
    font-weight: normal;
    font-style: normal;
}

@font-face {
    font-family: 'Inter';
    src: url('https://raw.githubusercontent.com/WordPress/blueprints/refs/heads/trunk/blueprints/welcome/assets/fonts/inter-regular.ttf') format('truetype');
    font-weight: normal;
    font-style: normal;
}

.wp-site-blocks > main {
    color: var(--wp--preset--color--accent-4) !important;
    font-style: normal !important;
    font-weight: 300 !important;
    font-size: var(--wp--preset--font-size--medium) !important;
    letter-spacing: 0px !important;
    font-family: "Inter" !important;
    line-height: 1.5 !important;

	.wp-block-button__link {
		border-radius: 2px !important;
		font-family: var(--wp--preset--font-family--manrope) !important;
		text-transform: uppercase !important;
		font-style: normal !important;
		font-weight: 600 !important;
		background-color: #3858e9 !important;
	}

	.wp-element-button {
		background-color: #3858e9 !important;
		text-transform: none !important;
	}

	.wp-element-button:hover {
		background-color: #F6F6F6 !important;
		color: #3858e9 !important;
	}

	h1, h2, h3, h4, h5, h6 {
		font-style: normal !important;
		font-weight: 400 !important;
		font-family: "EB Garamond" !important;
		text-transform: none !important;
		line-height: 1.5 !important;
		letter-spacing: 0px !important;
	}

	#playground-cli .wp-block-heading,
	#blueprints-gallery .wp-block-heading {
		color: #000;
	}
}

.wp-block-button__link:hover {
    background-color: var(--wp--preset--color--contrast) !important;
    color: #3858e9 !important;
}

:where(.wp-site-blocks) > footer.wp-block-template-part {
    margin-block-start: 0 !important;
}

</style>
]]></content:encoded>
		<excerpt:encoded><![CDATA[]]></excerpt:encoded>

		<wp:post_id>4</wp:post_id>
		<wp:post_date>2025-12-18 19:03:27</wp:post_date>
		<wp:post_date_gmt>2025-12-18 19:03:27</wp:post_date_gmt>
		<wp:comment_status>closed</wp:comment_status>
		<wp:ping_status>closed</wp:ping_status>
		<wp:post_name>hello-from-playground</wp:post_name>
		<wp:status>publish</wp:status>
		<wp:post_parent>0</wp:post_parent>
		<wp:menu_order>0</wp:menu_order>
		<wp:post_type>page</wp:post_type>
		<wp:post_password></wp:post_password>
		<wp:is_sticky>0</wp:is_sticky>

	</item>
	<item>
		<title>Sample Page</title>
		<link>https://playground.wordpress.net/scope:excited-quiet-ocean/sample-page/</link>
		<pubDate>Di, 02 Dez 2025 19:08:23 +0000</pubDate>
		<dc:creator>admin</dc:creator>
		<guid isPermaLink="false">https://playground.wordpress.net/scope:excited-quiet-ocean/sample-page/</guid>
		<description></description>
		<content:encoded><![CDATA[
<p>This is an example page. It&#8217;s different from a blog post because it will stay in one place and will show up in your site navigation (in most themes). Most people start with an About page that introduces them to potential site visitors. It might say something like this:</p>



<blockquote class="wp-block-quote is-layout-flow wp-block-quote-is-layout-flow">

<p>Hi there! I&#8217;m a bike messenger by day, aspiring actor by night, and this is my website. I live in Los Angeles, have a great dog named Jack, and I like pi&#241;a coladas. (And gettin&#8216; caught in the rain.)</p>

</blockquote>



<p>&#8230;or something like this:</p>



<blockquote class="wp-block-quote is-layout-flow wp-block-quote-is-layout-flow">

<p>The XYZ Doohickey Company was founded in 1971, and has been providing quality doohickeys to the public ever since. Located in Gotham City, XYZ employs over 2,000 people and does all kinds of awesome things for the Gotham community.</p>

</blockquote>



<p>As a new WordPress user, you should go to <a href="http://127.0.0.1:9400/wp-admin/">your dashboard</a> to delete this page and create new pages for your content. Have fun!</p>
]]></content:encoded>
		<excerpt:encoded><![CDATA[]]></excerpt:encoded>

		<wp:post_id>2</wp:post_id>
		<wp:post_date>2025-12-02 19:08:23</wp:post_date>
		<wp:post_date_gmt>2025-12-02 19:08:23</wp:post_date_gmt>
		<wp:comment_status>closed</wp:comment_status>
		<wp:ping_status>open</wp:ping_status>
		<wp:post_name>sample-page</wp:post_name>
		<wp:status>publish</wp:status>
		<wp:post_parent>0</wp:post_parent>
		<wp:menu_order>0</wp:menu_order>
		<wp:post_type>page</wp:post_type>
		<wp:post_password></wp:post_password>
		<wp:is_sticky>0</wp:is_sticky>

		<wp:postmeta>
			<wp:meta_key>_wp_page_template</wp:meta_key>
			<wp:meta_value><![CDATA[default]]></wp:meta_value>
		</wp:postmeta>
	</item>
	<item>
		<title>Privacy Policy</title>
		<link>https://playground.wordpress.net/scope:excited-quiet-ocean/?page_id=3</link>
		<pubDate>Di, 02 Dez 2025 19:08:23 +0000</pubDate>
		<dc:creator>admin</dc:creator>
		<guid isPermaLink="false">https://playground.wordpress.net/scope:excited-quiet-ocean/?page_id=3</guid>
		<description></description>
		<content:encoded><![CDATA[
<h2 class="wp-block-heading">Who we are</h2>


<p><strong class="privacy-policy-tutorial">Suggested text: </strong>Our website address is: http://127.0.0.1:9400.</p>


<h2 class="wp-block-heading">Comments</h2>


<p><strong class="privacy-policy-tutorial">Suggested text: </strong>When visitors leave comments on the site we collect the data shown in the comments form, and also the visitor&#8217;s IP address and browser user agent string to help spam detection.</p>


<p>An anonymized string created from your email address (also called a hash) may be provided to the Gravatar service to see if you are using it. The Gravatar service privacy policy is available here: https://automattic.com/privacy/. After approval of your comment, your profile picture is visible to the public in the context of your comment.</p>


<h2 class="wp-block-heading">Media</h2>


<p><strong class="privacy-policy-tutorial">Suggested text: </strong>If you upload images to the website, you should avoid uploading images with embedded location data (EXIF GPS) included. Visitors to the website can download and extract any location data from images on the website.</p>


<h2 class="wp-block-heading">Cookies</h2>


<p><strong class="privacy-policy-tutorial">Suggested text: </strong>If you leave a comment on our site you may opt-in to saving your name, email address and website in cookies. These are for your convenience so that you do not have to fill in your details again when you leave another comment. These cookies will last for one year.</p>


<p>If you visit our login page, we will set a temporary cookie to determine if your browser accepts cookies. This cookie contains no personal data and is discarded when you close your browser.</p>


<p>When you log in, we will also set up several cookies to save your login information and your screen display choices. Login cookies last for two days, and screen options cookies last for a year. If you select &quot;Remember Me&quot;, your login will persist for two weeks. If you log out of your account, the login cookies will be removed.</p>


<p>If you edit or publish an article, an additional cookie will be saved in your browser. This cookie includes no personal data and simply indicates the post ID of the article you just edited. It expires after 1 day.</p>


<h2 class="wp-block-heading">Embedded content from other websites</h2>


<p><strong class="privacy-policy-tutorial">Suggested text: </strong>Articles on this site may include embedded content (e.g. videos, images, articles, etc.). Embedded content from other websites behaves in the exact same way as if the visitor has visited the other website.</p>


<p>These websites may collect data about you, use cookies, embed additional third-party tracking, and monitor your interaction with that embedded content, including tracking your interaction with the embedded content if you have an account and are logged in to that website.</p>


<h2 class="wp-block-heading">Who we share your data with</h2>


<p><strong class="privacy-policy-tutorial">Suggested text: </strong>If you request a password reset, your IP address will be included in the reset email.</p>


<h2 class="wp-block-heading">How long we retain your data</h2>


<p><strong class="privacy-policy-tutorial">Suggested text: </strong>If you leave a comment, the comment and its metadata are retained indefinitely. This is so we can recognize and approve any follow-up comments automatically instead of holding them in a moderation queue.</p>


<p>For users that register on our website (if any), we also store the personal information they provide in their user profile. All users can see, edit, or delete their personal information at any time (except they cannot change their username). Website administrators can also see and edit that information.</p>


<h2 class="wp-block-heading">What rights you have over your data</h2>


<p><strong class="privacy-policy-tutorial">Suggested text: </strong>If you have an account on this site, or have left comments, you can request to receive an exported file of the personal data we hold about you, including any data you have provided to us. You can also request that we erase any personal data we hold about you. This does not include any data we are obliged to keep for administrative, legal, or security purposes.</p>


<h2 class="wp-block-heading">Where your data is sent</h2>


<p><strong class="privacy-policy-tutorial">Suggested text: </strong>Visitor comments may be checked through an automated spam detection service.</p>

]]></content:encoded>
		<excerpt:encoded><![CDATA[]]></excerpt:encoded>

		<wp:post_id>3</wp:post_id>
		<wp:post_date>2025-12-02 19:08:23</wp:post_date>
		<wp:post_date_gmt>2025-12-02 19:08:23</wp:post_date_gmt>
		<wp:comment_status>closed</wp:comment_status>
		<wp:ping_status>open</wp:ping_status>
		<wp:post_name>privacy-policy</wp:post_name>
		<wp:status>draft</wp:status>
		<wp:post_parent>0</wp:post_parent>
		<wp:menu_order>0</wp:menu_order>
		<wp:post_type>page</wp:post_type>
		<wp:post_password></wp:post_password>
		<wp:is_sticky>0</wp:is_sticky>

		<wp:postmeta>
			<wp:meta_key>_wp_page_template</wp:meta_key>
			<wp:meta_value><![CDATA[default]]></wp:meta_value>
		</wp:postmeta>
	</item>
	<item>
		<title>WP meetup</title>
		<link>https://playground.wordpress.net/scope:excited-quiet-ocean/events/wp-meetup/</link>
		<pubDate>Do, 18 Dez 2025 19:49:14 +0000</pubDate>
		<dc:creator>admin</dc:creator>
		<guid isPermaLink="false">https://playground.wordpress.net/scope:excited-quiet-ocean/events/wp-meetup/</guid>
		<description></description>
		<content:encoded><![CDATA[]]></content:encoded>
		<excerpt:encoded><![CDATA[]]></excerpt:encoded>

		<wp:post_id>296</wp:post_id>
		<wp:post_date>2025-12-18 19:49:14</wp:post_date>
		<wp:post_date_gmt>2025-12-18 19:49:14</wp:post_date_gmt>
		<wp:comment_status>open</wp:comment_status>
		<wp:ping_status>closed</wp:ping_status>
		<wp:post_name>wp-meetup</wp:post_name>
		<wp:status>publish</wp:status>
		<wp:post_parent>0</wp:post_parent>
		<wp:menu_order>0</wp:menu_order>
		<wp:post_type>event</wp:post_type>
		<wp:post_password></wp:post_password>
		<wp:is_sticky>0</wp:is_sticky>

		<wp:postmeta>
			<wp:meta_key>_edit_lock</wp:meta_key>
			<wp:meta_value><![CDATA[1766087440:1]]></wp:meta_value>
		</wp:postmeta>
		<wp:postmeta>
			<wp:meta_key>_edit_last</wp:meta_key>
			<wp:meta_value><![CDATA[1]]></wp:meta_value>
		</wp:postmeta>
		<wp:postmeta>
			<wp:meta_key>_event_id</wp:meta_key>
			<wp:meta_value><![CDATA[1]]></wp:meta_value>
		</wp:postmeta>
		<wp:postmeta>
			<wp:meta_key>_event_archetype</wp:meta_key>
			<wp:meta_value><![CDATA[event]]></wp:meta_value>
		</wp:postmeta>
		<wp:postmeta>
			<wp:meta_key>_event_type</wp:meta_key>
			<wp:meta_value><![CDATA[single]]></wp:meta_value>
		</wp:postmeta>
		<wp:postmeta>
			<wp:meta_key>_event_timezone</wp:meta_key>
			<wp:meta_value><![CDATA[UTC]]></wp:meta_value>
		</wp:postmeta>
		<wp:postmeta>
			<wp:meta_key>_event_start_time</wp:meta_key>
			<wp:meta_value><![CDATA[18:00:00]]></wp:meta_value>
		</wp:postmeta>
		<wp:postmeta>
			<wp:meta_key>_event_end_time</wp:meta_key>
			<wp:meta_value><![CDATA[20:00:00]]></wp:meta_value>
		</wp:postmeta>
		<wp:postmeta>
			<wp:meta_key>_event_start</wp:meta_key>
			<wp:meta_value><![CDATA[2026-01-15 18:00:00]]></wp:meta_value>
		</wp:postmeta>
		<wp:postmeta>
			<wp:meta_key>_event_end</wp:meta_key>
			<wp:meta_value><![CDATA[2026-01-15 20:00:00]]></wp:meta_value>
		</wp:postmeta>
		<wp:postmeta>
			<wp:meta_key>_event_start_date</wp:meta_key>
			<wp:meta_value><![CDATA[2026-01-15]]></wp:meta_value>
		</wp:postmeta>
		<wp:postmeta>
			<wp:meta_key>_event_end_date</wp:meta_key>
			<wp:meta_value><![CDATA[2026-01-15]]></wp:meta_value>
		</wp:postmeta>
		<wp:postmeta>
			<wp:meta_key>_event_rsvp</wp:meta_key>
			<wp:meta_value><![CDATA[1]]></wp:meta_value>
		</wp:postmeta>
		<wp:postmeta>
			<wp:meta_key>_event_rsvp_date</wp:meta_key>
			<wp:meta_value><![CDATA[2026-01-15]]></wp:meta_value>
		</wp:postmeta>
		<wp:postmeta>
			<wp:meta_key>_event_rsvp_time</wp:meta_key>
			<wp:meta_value><![CDATA[18:00:00]]></wp:meta_value>
		</wp:postmeta>
		<wp:postmeta>
			<wp:meta_key>_event_rsvp_spaces</wp:meta_key>
			<wp:meta_value><![CDATA[0]]></wp:meta_value>
		</wp:postmeta>
		<wp:postmeta>
			<wp:meta_key>_event_spaces</wp:meta_key>
			<wp:meta_value><![CDATA[0]]></wp:meta_value>
		</wp:postmeta>
		<wp:postmeta>
			<wp:meta_key>_location_id</wp:meta_key>
			<wp:meta_value><![CDATA[1]]></wp:meta_value>
		</wp:postmeta>
		<wp:postmeta>
			<wp:meta_key>_event_location_type</wp:meta_key>
			<wp:meta_value><![CDATA[]]></wp:meta_value>
		</wp:postmeta>
		<wp:postmeta>
			<wp:meta_key>_recurrence_id</wp:meta_key>
			<wp:meta_value><![CDATA[]]></wp:meta_value>
		</wp:postmeta>
		<wp:postmeta>
			<wp:meta_key>_recurrence_set_id</wp:meta_key>
			<wp:meta_value><![CDATA[]]></wp:meta_value>
		</wp:postmeta>
		<wp:postmeta>
			<wp:meta_key>_recurrence_rsvp_days</wp:meta_key>
			<wp:meta_value><![CDATA[]]></wp:meta_value>
		</wp:postmeta>
		<wp:postmeta>
			<wp:meta_key>_event_active_status</wp:meta_key>
			<wp:meta_value><![CDATA[1]]></wp:meta_value>
		</wp:postmeta>
		<wp:postmeta>
			<wp:meta_key>_event_start_local</wp:meta_key>
			<wp:meta_value><![CDATA[2026-01-15 18:00:00]]></wp:meta_value>
		</wp:postmeta>
		<wp:postmeta>
			<wp:meta_key>_event_end_local</wp:meta_key>
			<wp:meta_value><![CDATA[2026-01-15 20:00:00]]></wp:meta_value>
		</wp:postmeta>
	</item>
	<item>
		<title>Auwiesen</title>
		<link>https://playground.wordpress.net/scope:excited-quiet-ocean/locations/auwiesen/</link>
		<pubDate>Do, 18 Dez 2025 19:49:14 +0000</pubDate>
		<dc:creator>admin</dc:creator>
		<guid isPermaLink="false">https://playground.wordpress.net/scope:excited-quiet-ocean/locations/auwiesen/</guid>
		<description></description>
		<content:encoded><![CDATA[]]></content:encoded>
		<excerpt:encoded><![CDATA[]]></excerpt:encoded>

		<wp:post_id>297</wp:post_id>
		<wp:post_date>2025-12-18 19:49:14</wp:post_date>
		<wp:post_date_gmt>2025-12-18 19:49:14</wp:post_date_gmt>
		<wp:comment_status>open</wp:comment_status>
		<wp:ping_status>closed</wp:ping_status>
		<wp:post_name>auwiesen</wp:post_name>
		<wp:status>publish</wp:status>
		<wp:post_parent>0</wp:post_parent>
		<wp:menu_order>0</wp:menu_order>
		<wp:post_type>location</wp:post_type>
		<wp:post_password></wp:post_password>
		<wp:is_sticky>0</wp:is_sticky>

		<wp:postmeta>
			<wp:meta_key>_location_address</wp:meta_key>
			<wp:meta_value><![CDATA[ ]]></wp:meta_value>
		</wp:postmeta>
		<wp:postmeta>
			<wp:meta_key>_location_town</wp:meta_key>
			<wp:meta_value><![CDATA[Linz]]></wp:meta_value>
		</wp:postmeta>
		<wp:postmeta>
			<wp:meta_key>_location_id</wp:meta_key>
			<wp:meta_value><![CDATA[1]]></wp:meta_value>
		</wp:postmeta>
	</item>
	<item>
		<title>MailPoet Page</title>
		<link>https://playground.wordpress.net/scope:excited-quiet-ocean/?mailpoet_page=captcha</link>
		<pubDate>Do, 18 Dez 2025 19:22:25 +0000</pubDate>
		<dc:creator>admin</dc:creator>
		<guid isPermaLink="false">https://playground.wordpress.net/scope:excited-quiet-ocean/?mailpoet_page=captcha</guid>
		<description></description>
		<content:encoded><![CDATA[<p>[mailpoet_page]</p>
]]></content:encoded>
		<excerpt:encoded><![CDATA[]]></excerpt:encoded>

		<wp:post_id>12</wp:post_id>
		<wp:post_date>2025-12-18 19:22:25</wp:post_date>
		<wp:post_date_gmt>2025-12-18 19:22:25</wp:post_date_gmt>
		<wp:comment_status>closed</wp:comment_status>
		<wp:ping_status>closed</wp:ping_status>
		<wp:post_name>captcha</wp:post_name>
		<wp:status>publish</wp:status>
		<wp:post_parent>0</wp:post_parent>
		<wp:menu_order>0</wp:menu_order>
		<wp:post_type>mailpoet_page</wp:post_type>
		<wp:post_password></wp:post_password>
		<wp:is_sticky>0</wp:is_sticky>

	</item>
	<item>
		<title>MailPoet Page</title>
		<link>https://playground.wordpress.net/scope:excited-quiet-ocean/?mailpoet_page=subscriptions</link>
		<pubDate>Do, 18 Dez 2025 19:22:25 +0000</pubDate>
		<dc:creator>admin</dc:creator>
		<guid isPermaLink="false">https://playground.wordpress.net/scope:excited-quiet-ocean/?mailpoet_page=subscriptions</guid>
		<description></description>
		<content:encoded><![CDATA[<p>[mailpoet_page]</p>
]]></content:encoded>
		<excerpt:encoded><![CDATA[]]></excerpt:encoded>

		<wp:post_id>11</wp:post_id>
		<wp:post_date>2025-12-18 19:22:25</wp:post_date>
		<wp:post_date_gmt>2025-12-18 19:22:25</wp:post_date_gmt>
		<wp:comment_status>closed</wp:comment_status>
		<wp:ping_status>closed</wp:ping_status>
		<wp:post_name>subscriptions</wp:post_name>
		<wp:status>publish</wp:status>
		<wp:post_parent>0</wp:post_parent>
		<wp:menu_order>0</wp:menu_order>
		<wp:post_type>mailpoet_page</wp:post_type>
		<wp:post_password></wp:post_password>
		<wp:is_sticky>0</wp:is_sticky>

	</item>
</channel>
</rss>
