<?xml version="1.0" encoding="UTF-8"?>
<rss version="2.0"
	xmlns:excerpt="http://wordpress.org/export/1.2/excerpt/"
	xmlns:content="http://purl.org/rss/1.0/modules/content/"
	xmlns:wfw="http://wellformedweb.org/CommentAPI/"
	xmlns:dc="http://purl.org/dc/elements/1.1/"
	xmlns:wp="http://wordpress.org/export/1.2/"
>
<channel>
	<title>MTB-Niederneukirchen</title>
	<link>https://www.returnme.at</link>
	<description></description>
	<pubDate>Fri, 26 Dec 2025 10:19:49 +0000</pubDate>
	<language>de</language>
	<wp:wxr_version>1.2</wp:wxr_version>
	<wp:base_site_url>https://www.returnme.at</wp:base_site_url>
	<wp:base_blog_url>https://www.returnme.at</wp:base_blog_url>

	<item>
		<title>Archiv: Tour</title>
		<link>https://www.returnme.at/archive-tour/</link>
		<pubDate>Fr., 05 Dez. 2025 09:13:43 +0000</pubDate>
		<dc:creator>WALE</dc:creator>
		<guid isPermaLink="false">https://www.returnme.at/archive-tour/</guid>
		<description></description>
		<content:encoded><![CDATA[<!-- wp:template-part {"slug":"header","theme":"twentytwentyfive"} /-->

<!-- wp:group {"tagName":"main","style":{"spacing":{"margin":{"top":"var:preset|spacing|60"}}},"layout":{"type":"constrained"}} -->
<main class="wp-block-group" style="margin-top:var(--wp--preset--spacing--60)"><!-- wp:query-title {"type":"archive"} /-->

<!-- wp:term-description /-->

<!-- wp:query {"queryId":12,"query":{"perPage":10,"pages":0,"offset":0,"postType":"post","order":"desc","orderBy":"date","author":"","search":"","exclude":[],"sticky":"","inherit":true,"taxQuery":null,"parents":[]},"align":"full","layout":{"type":"default"}} -->
<div class="wp-block-query alignfull"><!-- wp:post-template {"align":"full","layout":{"type":"grid","columnCount":3}} -->
<!-- wp:group {"align":"full","style":{"spacing":{"padding":{"top":"var:preset|spacing|60","bottom":"var:preset|spacing|60"}}},"layout":{"type":"constrained"}} -->
<div class="wp-block-group alignfull" style="padding-top:var(--wp--preset--spacing--60);padding-bottom:var(--wp--preset--spacing--60)"><!-- wp:post-featured-image {"isLink":true,"aspectRatio":"3/2"} /-->

<!-- wp:post-title {"isLink":true,"fontSize":"x-large"} /-->

<!-- wp:post-excerpt {"fontSize":"medium"} /-->

<!-- wp:post-date {"isLink":true,"metadata":{"bindings":{"datetime":{"source":"core/post-data","args":{"field":"date"}}}},"style":{"spacing":{"margin":{"top":"var:preset|spacing|40"}}},"fontSize":"small"} /--></div>
<!-- /wp:group -->
<!-- /wp:post-template -->

<!-- wp:group {"style":{"spacing":{"padding":{"top":"var:preset|spacing|60","bottom":"var:preset|spacing|60"}}},"layout":{"type":"constrained"}} -->
<div class="wp-block-group" style="padding-top:var(--wp--preset--spacing--60);padding-bottom:var(--wp--preset--spacing--60)"><!-- wp:query-no-results -->
<!-- wp:paragraph -->
<p>Es wurde leider nichts gefunden. Bitte versuche eine Suche mit anderen Suchbegriffen.</p>
<!-- /wp:paragraph -->
<!-- /wp:query-no-results --></div>
<!-- /wp:group -->

<!-- wp:group {"align":"wide","layout":{"type":"constrained"}} -->
<div class="wp-block-group alignwide"><!-- wp:query-pagination {"paginationArrow":"arrow","align":"wide","layout":{"type":"flex","justifyContent":"space-between"}} -->
<!-- wp:query-pagination-previous /-->

<!-- wp:query-pagination-numbers /-->

<!-- wp:query-pagination-next /-->
<!-- /wp:query-pagination --></div>
<!-- /wp:group --></div>
<!-- /wp:query --></main>
<!-- /wp:group -->

<!-- wp:template-part {"slug":"footer","theme":"twentytwentyfive"} /-->]]></content:encoded>
		<excerpt:encoded><![CDATA[Ein Archiv mit den neuesten Beiträgen des Typs anzeigen: Tour.]]></excerpt:encoded>

		<wp:post_id>2296</wp:post_id>
		<wp:post_date>2025-12-05 09:13:43</wp:post_date>
		<wp:post_date_gmt>2025-12-05 09:13:43</wp:post_date_gmt>
		<wp:comment_status>closed</wp:comment_status>
		<wp:ping_status>closed</wp:ping_status>
		<wp:post_name>archive-tour</wp:post_name>
		<wp:status>publish</wp:status>
		<wp:post_parent>0</wp:post_parent>
		<wp:menu_order>0</wp:menu_order>
		<wp:post_type>wp_template</wp:post_type>
		<wp:post_password></wp:post_password>
		<wp:is_sticky>0</wp:is_sticky>

		<category domain="wp_theme" nicename="twentytwentyfive">twentytwentyfive</category>
		<wp:postmeta>
			<wp:meta_key>is_wp_suggestion</wp:meta_key>
			<wp:meta_value><![CDATA[1]]></wp:meta_value>
		</wp:postmeta>
	</item>
	<item>
		<title>Blog-Startseite</title>
		<link>https://www.returnme.at/home/</link>
		<pubDate>Do., 13 Nov. 2025 19:57:59 +0000</pubDate>
		<dc:creator>admin</dc:creator>
		<guid isPermaLink="false">https://www.returnme.at/home/</guid>
		<description></description>
		<content:encoded><![CDATA[<!-- wp:template-part {"slug":"header","theme":"bricksy","tagName":"header"} /-->

<!-- wp:group {"align":"wide","layout":{"type":"constrained","contentSize":"900px"}} -->
<div class="wp-block-group alignwide"><!-- wp:group {"align":"full","className":"is-style-default emoly-team","style":{"spacing":{"padding":{"top":"0rem","right":"2rem","bottom":"0rem","left":"2rem"}}}} -->
<div class="wp-block-group alignfull is-style-default emoly-team" style="padding-top:0rem;padding-right:2rem;padding-bottom:0rem;padding-left:2rem"><!-- wp:columns {"align":"full","className":"is-style-default"} -->
<div class="wp-block-columns alignfull is-style-default"><!-- wp:column {"style":{"spacing":{"padding":{"top":"0rem","right":"0rem","bottom":"4rem","left":"0rem"}}},"backgroundColor":"white"} -->
<div class="wp-block-column has-white-background-color has-background" style="padding-top:0rem;padding-right:0rem;padding-bottom:4rem;padding-left:0rem"><!-- wp:group {"align":"full"} -->
<div class="wp-block-group alignfull"><!-- wp:cover {"url":"https://www.returnme.at/wp-content/themes/bricksy/assets/images/gallery-1.jpg","alt":"Gallery One","dimRatio":70,"minHeight":700} -->
<div class="wp-block-cover" style="min-height:700px"><img class="wp-block-cover__image-background" alt="Gallery One" src="https://www.returnme.at/wp-content/themes/bricksy/assets/images/gallery-1.jpg" data-object-fit="cover"/><span aria-hidden="true" class="wp-block-cover__background has-background-dim-70 has-background-dim"></span><div class="wp-block-cover__inner-container"><!-- wp:heading {"textAlign":"center","level":3,"textColor":"background","fontSize":"large"} -->
<h3 class="wp-block-heading has-text-align-center has-background-color has-text-color has-large-font-size" id="travel">Travel</h3>
<!-- /wp:heading -->

<!-- wp:buttons -->
<div class="wp-block-buttons"><!-- wp:button {"className":"is-style-outline","style":{"typography":{"fontSize":"14px"}}} -->
<div class="wp-block-button is-style-outline"><a class="wp-block-button__link has-custom-font-size wp-element-button" style="font-size:14px">READ MORE</a></div>
<!-- /wp:button --></div>
<!-- /wp:buttons --></div></div>
<!-- /wp:cover -->

<!-- wp:group {"align":"full"} -->
<div class="wp-block-group alignfull"><!-- wp:group {"align":"full","className":"is-style-emoly-border"} -->
<div class="wp-block-group alignfull is-style-emoly-border"></div>
<!-- /wp:group --></div>
<!-- /wp:group --></div>
<!-- /wp:group --></div>
<!-- /wp:column -->

<!-- wp:column {"style":{"spacing":{"padding":{"top":"0rem","right":"0rem","bottom":"4rem","left":"0rem"}}},"backgroundColor":"white"} -->
<div class="wp-block-column has-white-background-color has-background" style="padding-top:0rem;padding-right:0rem;padding-bottom:4rem;padding-left:0rem"><!-- wp:group {"align":"full"} -->
<div class="wp-block-group alignfull"><!-- wp:cover {"url":"https://www.returnme.at/wp-content/themes/bricksy/assets/images/gallery-2.jpg","alt":"Gallery Two","dimRatio":70,"minHeight":700} -->
<div class="wp-block-cover" style="min-height:700px"><img class="wp-block-cover__image-background" alt="Gallery Two" src="https://www.returnme.at/wp-content/themes/bricksy/assets/images/gallery-2.jpg" data-object-fit="cover"/><span aria-hidden="true" class="wp-block-cover__background has-background-dim-70 has-background-dim"></span><div class="wp-block-cover__inner-container"><!-- wp:heading {"textAlign":"center","level":3,"textColor":"background","fontSize":"large"} -->
<h3 class="wp-block-heading has-text-align-center has-background-color has-text-color has-large-font-size" id="travel">Adventure</h3>
<!-- /wp:heading -->

<!-- wp:buttons -->
<div class="wp-block-buttons"><!-- wp:button {"className":"is-style-outline","style":{"typography":{"fontSize":"14px"}}} -->
<div class="wp-block-button is-style-outline"><a class="wp-block-button__link has-custom-font-size wp-element-button" style="font-size:14px">READ MORE</a></div>
<!-- /wp:button --></div>
<!-- /wp:buttons --></div></div>
<!-- /wp:cover -->

<!-- wp:group {"align":"full"} -->
<div class="wp-block-group alignfull"><!-- wp:group {"align":"full","className":"is-style-emoly-border"} -->
<div class="wp-block-group alignfull is-style-emoly-border"></div>
<!-- /wp:group --></div>
<!-- /wp:group --></div>
<!-- /wp:group --></div>
<!-- /wp:column -->

<!-- wp:column {"style":{"spacing":{"padding":{"top":"0rem","right":"0rem","bottom":"4rem","left":"0rem"}}},"backgroundColor":"white"} -->
<div class="wp-block-column has-white-background-color has-background" style="padding-top:0rem;padding-right:0rem;padding-bottom:4rem;padding-left:0rem"><!-- wp:group {"align":"full"} -->
<div class="wp-block-group alignfull"><!-- wp:cover {"url":"https://www.returnme.at/wp-content/themes/bricksy/assets/images/gallery-3.jpg","alt":"Gallery Three","dimRatio":70,"minHeight":700} -->
<div class="wp-block-cover" style="min-height:700px"><img class="wp-block-cover__image-background" alt="Gallery Three" src="https://www.returnme.at/wp-content/themes/bricksy/assets/images/gallery-3.jpg" data-object-fit="cover"/><span aria-hidden="true" class="wp-block-cover__background has-background-dim-70 has-background-dim"></span><div class="wp-block-cover__inner-container"><!-- wp:heading {"textAlign":"center","level":3,"textColor":"background","fontSize":"large"} -->
<h3 class="wp-block-heading has-text-align-center has-background-color has-text-color has-large-font-size" id="travel">Journey</h3>
<!-- /wp:heading -->

<!-- wp:buttons -->
<div class="wp-block-buttons"><!-- wp:button {"className":"is-style-outline","style":{"typography":{"fontSize":"14px"}}} -->
<div class="wp-block-button is-style-outline"><a class="wp-block-button__link has-custom-font-size wp-element-button" style="font-size:14px">READ MORE</a></div>
<!-- /wp:button --></div>
<!-- /wp:buttons --></div></div>
<!-- /wp:cover -->

<!-- wp:group {"align":"full"} -->
<div class="wp-block-group alignfull"><!-- wp:group {"align":"full","className":"is-style-emoly-border"} -->
<div class="wp-block-group alignfull is-style-emoly-border"></div>
<!-- /wp:group --></div>
<!-- /wp:group --></div>
<!-- /wp:group --></div>
<!-- /wp:column --></div>
<!-- /wp:columns --></div>
<!-- /wp:group -->

<!-- wp:group {"style":{"spacing":{"padding":{"right":"2rem","left":"2rem"}}}} -->
<div class="wp-block-group" style="padding-right:2rem;padding-left:2rem"><!-- wp:query {"queryId":0,"query":{"perPage":10,"pages":0,"offset":0,"postType":"post","order":"desc","orderBy":"date","author":"","search":"","exclude":[],"sticky":"","inherit":true},"tagName":"main","layout":{"contentSize":null,"type":"constrained"}} -->
<main class="wp-block-query"><!-- wp:post-template {"align":"wide","layout":{"type":"grid","columnCount":2}} -->
<!-- wp:group {"style":{"spacing":{"padding":{"top":"0px","right":"0px","bottom":"0px","left":"0px"}}},"layout":{"inherit":true,"type":"constrained"}} -->
<div class="wp-block-group" style="padding-top:0px;padding-right:0px;padding-bottom:0px;padding-left:0px"><!-- wp:post-featured-image {"isLink":true,"align":"wide","style":{"spacing":{"margin":{"top":"calc(1.75 * var(\u002d\u002dwp\u002d\u002dstyle\u002d\u002dblock-gap))"}}}} /-->

<!-- wp:columns -->
<div class="wp-block-columns"><!-- wp:column {"width":"13.33%","style":{"spacing":{"padding":{"top":"0px","right":"0px","bottom":"0px","left":"0px"}}}} -->
<div class="wp-block-column" style="padding-top:0px;padding-right:0px;padding-bottom:0px;padding-left:0px;flex-basis:13.33%"><!-- wp:group {"style":{"spacing":{"padding":{"top":"5px","right":"5px","bottom":"5px","left":"5px"}},"border":{"width":"1px"}}} -->
<div class="wp-block-group" style="border-width:1px;padding-top:5px;padding-right:5px;padding-bottom:5px;padding-left:5px"><!-- wp:post-date {"textAlign":"left","format":"F j, Y","style":{"typography":{"fontStyle":"italic","fontWeight":"400","fontSize":"12px"}}} /--></div>
<!-- /wp:group --></div>
<!-- /wp:column -->

<!-- wp:column {"width":"96.66%"} -->
<div class="wp-block-column" style="flex-basis:96.66%"><!-- wp:post-title {"textAlign":"left","isLink":true,"align":"wide","style":{"typography":{"fontStyle":"normal","fontWeight":"300"}},"fontSize":"huge"} /-->

<!-- wp:post-excerpt /--></div>
<!-- /wp:column --></div>
<!-- /wp:columns -->

<!-- wp:group {"align":"wide"} -->
<div class="wp-block-group alignwide"><!-- wp:columns {"align":"wide"} -->
<div class="wp-block-columns alignwide"><!-- wp:column {"width":"650px"} -->
<div class="wp-block-column" style="flex-basis:650px"></div>
<!-- /wp:column -->

<!-- wp:column {"width":""} -->
<div class="wp-block-column"></div>
<!-- /wp:column --></div>
<!-- /wp:columns --></div>
<!-- /wp:group --></div>
<!-- /wp:group -->
<!-- /wp:post-template -->

<!-- wp:query-pagination {"paginationArrow":"arrow","align":"wide","layout":{"type":"flex","justifyContent":"space-between"}} -->
<!-- wp:query-pagination-previous {"fontSize":"small"} /-->

<!-- wp:query-pagination-numbers /-->

<!-- wp:query-pagination-next {"fontSize":"small"} /-->
<!-- /wp:query-pagination --></main>
<!-- /wp:query --></div>
<!-- /wp:group -->

<!-- wp:group {"align":"full","className":"bricksy-general-color-me-in","style":{"spacing":{"padding":{"top":"6rem","bottom":"8rem","left":"0px","right":"0px"}},"elements":{"link":{"color":{"text":"var:preset|color|background"}}}},"backgroundColor":"cyan-bluish-gray","textColor":"foreground"} -->
<div class="wp-block-group alignfull bricksy-general-color-me-in has-foreground-color has-cyan-bluish-gray-background-color has-text-color has-background has-link-color" style="padding-top:6rem;padding-right:0px;padding-bottom:8rem;padding-left:0px"><!-- wp:group {"align":"full","layout":{"inherit":true,"type":"constrained"}} -->
<div class="wp-block-group alignfull"><!-- wp:columns {"align":"wide"} -->
<div class="wp-block-columns alignwide"><!-- wp:column -->
<div class="wp-block-column"><!-- wp:heading {"textAlign":"center"} -->
<h2 class="wp-block-heading has-text-align-center" id="watch-birdsfrom-your-inbox-1">Go on an adventure<br>from your inbox</h2>
<!-- /wp:heading -->

<!-- wp:buttons -->
<div class="wp-block-buttons"><!-- wp:button {"className":"has-custom-font-size is-style-outline has-normal-font-size aligncenter"} -->
<div class="wp-block-button has-custom-font-size is-style-outline has-normal-font-size aligncenter"><a class="wp-block-button__link wp-element-button">JOIN OUR MAILING LIST</a></div>
<!-- /wp:button --></div>
<!-- /wp:buttons --></div>
<!-- /wp:column --></div>
<!-- /wp:columns -->

<!-- wp:group {"align":"wide"} -->
<div class="wp-block-group alignwide"></div>
<!-- /wp:group --></div>
<!-- /wp:group --></div>
<!-- /wp:group --></div>
<!-- /wp:group -->

<!-- wp:template-part {"slug":"footer","theme":"bricksy","tagName":"footer"} /-->]]></content:encoded>
		<excerpt:encoded><![CDATA[Zeigt die letzten Beiträge entweder als Homepage der Website oder als „Beitragsseite“ an, wie unter den Einstellungen „Lesen“ definiert. Wenn es existiert und wenn Beiträge auf der Homepage angezeigt werden, überschreibt das Startseiten-Template dieses Template.]]></excerpt:encoded>

		<wp:post_id>500</wp:post_id>
		<wp:post_date>2025-11-13 19:57:59</wp:post_date>
		<wp:post_date_gmt>2025-11-13 19:57:59</wp:post_date_gmt>
		<wp:comment_status>closed</wp:comment_status>
		<wp:ping_status>closed</wp:ping_status>
		<wp:post_name>home</wp:post_name>
		<wp:status>publish</wp:status>
		<wp:post_parent>0</wp:post_parent>
		<wp:menu_order>0</wp:menu_order>
		<wp:post_type>wp_template</wp:post_type>
		<wp:post_password></wp:post_password>
		<wp:is_sticky>0</wp:is_sticky>

		<category domain="wp_theme" nicename="bricksy">bricksy</category>
		<wp:postmeta>
			<wp:meta_key>origin</wp:meta_key>
			<wp:meta_value><![CDATA[theme]]></wp:meta_value>
		</wp:postmeta>
	</item>
	<item>
		<title>Blog-Startseite</title>
		<link>https://www.returnme.at/home/</link>
		<pubDate>Di., 25 Nov. 2025 07:19:11 +0000</pubDate>
		<dc:creator>WALE</dc:creator>
		<guid isPermaLink="false">https://www.returnme.at/home/</guid>
		<description></description>
		<content:encoded><![CDATA[<!-- wp:template-part {"slug":"header","theme":"twentytwentyfive"} /-->

<!-- wp:group {"tagName":"main","style":{"spacing":{"margin":{"top":"var:preset|spacing|40"}}},"layout":{"type":"default"}} -->
<main class="wp-block-group" style="margin-top:var(--wp--preset--spacing--40)"><!-- wp:heading {"textAlign":"center","level":1} -->
<h1 class="wp-block-heading has-text-align-center">Blogbeiträge</h1>
<!-- /wp:heading -->

<!-- wp:query {"queryId":4,"query":{"perPage":10,"pages":0,"offset":0,"postType":"post","order":"desc","orderBy":"date","author":"","search":"","exclude":[],"sticky":"","inherit":false,"taxQuery":null,"parents":[]},"align":"full","layout":{"type":"constrained"}} -->
<div class="wp-block-query alignfull"><!-- wp:post-template {"align":"wide","layout":{"type":"grid","columnCount":3}} -->
<!-- wp:group {"align":"full","style":{"spacing":{"padding":{"top":"var:preset|spacing|60","bottom":"var:preset|spacing|60"}}},"layout":{"type":"constrained"}} -->
<div class="wp-block-group alignfull" style="padding-top:var(--wp--preset--spacing--60);padding-bottom:var(--wp--preset--spacing--60)"><!-- wp:post-title {"textAlign":"center","isLink":true,"fontSize":"x-large"} /-->

<!-- wp:post-featured-image {"isLink":true,"aspectRatio":"3/2"} /-->

<!-- wp:post-content {"align":"full","fontSize":"medium","layout":{"type":"constrained"}} /-->

<!-- wp:post-date {"isLink":true,"metadata":{"bindings":{"datetime":{"source":"core/post-data","args":{"field":"date"}}}},"style":{"spacing":{"margin":{"top":"var:preset|spacing|40"}}},"fontSize":"small"} /--></div>
<!-- /wp:group -->
<!-- /wp:post-template -->

<!-- wp:group {"style":{"spacing":{"padding":{"top":"var:preset|spacing|60","bottom":"var:preset|spacing|60"}}},"layout":{"type":"constrained"}} -->
<div class="wp-block-group" style="padding-top:var(--wp--preset--spacing--60);padding-bottom:var(--wp--preset--spacing--60)"><!-- wp:query-no-results -->
<!-- wp:paragraph -->
<p>Es wurde leider nichts gefunden. Bitte versuche eine Suche mit anderen Suchbegriffen.</p>
<!-- /wp:paragraph -->
<!-- /wp:query-no-results --></div>
<!-- /wp:group -->

<!-- wp:group {"align":"wide","layout":{"type":"constrained"}} -->
<div class="wp-block-group alignwide"><!-- wp:query-pagination {"paginationArrow":"arrow","align":"wide","layout":{"type":"flex","justifyContent":"space-between"}} -->
<!-- wp:query-pagination-previous /-->

<!-- wp:query-pagination-numbers /-->

<!-- wp:query-pagination-next /-->
<!-- /wp:query-pagination --></div>
<!-- /wp:group --></div>
<!-- /wp:query --></main>
<!-- /wp:group -->

<!-- wp:template-part {"slug":"footer","theme":"twentytwentyfive"} /-->]]></content:encoded>
		<excerpt:encoded><![CDATA[Zeigt die letzten Beiträge entweder als Homepage der Website oder als „Beitragsseite“ an, wie unter den Einstellungen „Lesen“ definiert. Wenn es existiert und wenn Beiträge auf der Homepage angezeigt werden, überschreibt das Startseiten-Template dieses Template.]]></excerpt:encoded>

		<wp:post_id>1944</wp:post_id>
		<wp:post_date>2025-11-25 07:19:11</wp:post_date>
		<wp:post_date_gmt>2025-11-25 07:19:11</wp:post_date_gmt>
		<wp:comment_status>closed</wp:comment_status>
		<wp:ping_status>closed</wp:ping_status>
		<wp:post_name>home</wp:post_name>
		<wp:status>publish</wp:status>
		<wp:post_parent>0</wp:post_parent>
		<wp:menu_order>0</wp:menu_order>
		<wp:post_type>wp_template</wp:post_type>
		<wp:post_password></wp:post_password>
		<wp:is_sticky>0</wp:is_sticky>

		<category domain="wp_theme" nicename="twentytwentyfive">twentytwentyfive</category>
		<wp:postmeta>
			<wp:meta_key>origin</wp:meta_key>
			<wp:meta_value><![CDATA[theme]]></wp:meta_value>
		</wp:postmeta>
	</item>
	<item>
		<title>Eigene Seiten</title>
		<link>https://www.returnme.at/eigene-seiten/</link>
		<pubDate>Fr., 07 Nov. 2025 20:37:33 +0000</pubDate>
		<dc:creator>admin</dc:creator>
		<guid isPermaLink="false">https://www.returnme.at/eigene-seiten/</guid>
		<description></description>
		<content:encoded><![CDATA[<!-- wp:group {"tagName":"header","layout":{"inherit":true,"type":"constrained"}} -->
<header class="wp-block-group"><!-- wp:template-part {"slug":"header","theme":"twentytwentyfive","area":"header"} /--></header>
<!-- /wp:group -->

<!-- wp:separator -->
<hr class="wp-block-separator has-alpha-channel-opacity"/>
<!-- /wp:separator -->

<!-- wp:group {"tagName":"main"} -->
<main class="wp-block-group"><!-- wp:post-content {"layout":{"inherit":true,"contentSize":"1200px"}} /--></main>
<!-- /wp:group -->]]></content:encoded>
		<excerpt:encoded><![CDATA[]]></excerpt:encoded>

		<wp:post_id>115</wp:post_id>
		<wp:post_date>2025-11-07 20:37:33</wp:post_date>
		<wp:post_date_gmt>2025-11-07 20:37:33</wp:post_date_gmt>
		<wp:comment_status>closed</wp:comment_status>
		<wp:ping_status>closed</wp:ping_status>
		<wp:post_name>eigene-seiten</wp:post_name>
		<wp:status>publish</wp:status>
		<wp:post_parent>0</wp:post_parent>
		<wp:menu_order>0</wp:menu_order>
		<wp:post_type>wp_template</wp:post_type>
		<wp:post_password></wp:post_password>
		<wp:is_sticky>0</wp:is_sticky>

		<category domain="wp_theme" nicename="twentytwentyfive">twentytwentyfive</category>
	</item>
	<item>
		<title>Einzelne Beiträge</title>
		<link>https://www.returnme.at/single/</link>
		<pubDate>Sa., 15 Nov. 2025 18:25:29 +0000</pubDate>
		<dc:creator>admin</dc:creator>
		<guid isPermaLink="false">https://www.returnme.at/single/</guid>
		<description></description>
		<content:encoded><![CDATA[<!-- wp:template-part {"slug":"header","theme":"twentytwentyfive"} /-->

<!-- wp:group {"tagName":"main","style":{"spacing":{"margin":{"top":"var:preset|spacing|60"}}},"layout":{"type":"constrained"}} -->
<main class="wp-block-group" style="margin-top:var(--wp--preset--spacing--60)"><!-- wp:group {"align":"full","style":{"spacing":{"padding":{"top":"var:preset|spacing|60","bottom":"var:preset|spacing|60"}}},"layout":{"type":"constrained"}} -->
<div class="wp-block-group alignfull" style="padding-top:var(--wp--preset--spacing--60);padding-bottom:var(--wp--preset--spacing--60)"><!-- wp:post-title {"level":1} /-->

<!-- wp:post-featured-image {"aspectRatio":"3/2"} /-->

<!-- wp:group {"className":"has-link-color","style":{"spacing":{"blockGap":"0.2em","margin":{"bottom":"var:preset|spacing|60"}}},"textColor":"accent-4","fontSize":"small","layout":{"type":"flex","flexWrap":"wrap"}} -->
<div class="wp-block-group has-link-color has-accent-4-color has-text-color has-small-font-size" style="margin-bottom:var(--wp--preset--spacing--60)"><!-- wp:paragraph -->
<p>Verfasst von </p>
<!-- /wp:paragraph -->

<!-- wp:post-author-name {"isLink":true} /-->

<!-- wp:paragraph -->
<p>in</p>
<!-- /wp:paragraph -->

<!-- wp:post-terms {"term":"category","style":{"typography":{"fontWeight":"300","fontStyle":"normal"}}} /--></div>
<!-- /wp:group -->

<!-- wp:post-content {"align":"full","layout":{"type":"constrained"}} /-->

<!-- wp:group {"style":{"spacing":{"padding":{"top":"var:preset|spacing|60","bottom":"var:preset|spacing|60"}}},"layout":{"type":"constrained"}} -->
<div class="wp-block-group" style="padding-top:var(--wp--preset--spacing--60);padding-bottom:var(--wp--preset--spacing--60)"><!-- wp:post-terms {"term":"post_tag","separator":"  ","className":"is-style-post-terms-1"} /--></div>
<!-- /wp:group -->

<!-- wp:group {"align":"wide","style":{"spacing":{"margin":{"top":"var:preset|spacing|60","bottom":"var:preset|spacing|60"}}},"layout":{"type":"constrained","contentSize":"900px"}} -->
<div class="wp-block-group alignwide" style="margin-top:var(--wp--preset--spacing--60);margin-bottom:var(--wp--preset--spacing--60)"><!-- wp:group {"tagName":"nav","align":"wide","style":{"border":{"top":{"color":"var:preset|color|accent-6","width":"1px"}},"spacing":{"padding":{"top":"var:preset|spacing|40","bottom":"var:preset|spacing|40"}}},"layout":{"type":"flex","flexWrap":"nowrap","justifyContent":"space-between"},"ariaLabel":"Beitragsnavigation"} -->
<nav class="wp-block-group alignwide" aria-label="Beitragsnavigation" style="border-top-color:var(--wp--preset--color--accent-6);border-top-width:1px;padding-top:var(--wp--preset--spacing--40);padding-bottom:var(--wp--preset--spacing--40)"><!-- wp:post-navigation-link {"type":"previous","showTitle":true,"arrow":"arrow"} /-->

<!-- wp:post-navigation-link {"showTitle":true,"arrow":"arrow"} /--></nav>
<!-- /wp:group --></div>
<!-- /wp:group --></div>
<!-- /wp:group -->

<!-- wp:group {"align":"wide","style":{"spacing":{"padding":{"top":"var:preset|spacing|60","bottom":"var:preset|spacing|60"}}},"layout":{"type":"constrained","contentSize":"900px"}} -->
<div class="wp-block-group alignwide" style="padding-top:var(--wp--preset--spacing--60);padding-bottom:var(--wp--preset--spacing--60)"><!-- wp:heading {"align":"wide","style":{"typography":{"textTransform":"uppercase","fontStyle":"normal","fontWeight":"700","letterSpacing":"1.4px"}},"fontSize":"small"} -->
<h2 class="wp-block-heading alignwide has-small-font-size" style="font-style:normal;font-weight:700;letter-spacing:1.4px;text-transform:uppercase">Weitere Beiträge</h2>
<!-- /wp:heading -->

<!-- wp:query {"queryId":24,"query":{"perPage":4,"pages":0,"offset":0,"postType":"post","order":"desc","orderBy":"date","author":"","search":"","exclude":[],"sticky":"","inherit":false,"taxQuery":null,"parents":[]},"align":"wide","layout":{"type":"default"}} -->
<div class="wp-block-query alignwide"><!-- wp:post-template {"align":"full","style":{"spacing":{"blockGap":"0"}},"layout":{"type":"default"}} -->
<!-- wp:group {"align":"full","style":{"spacing":{"padding":{"top":"var:preset|spacing|30","bottom":"var:preset|spacing|30"}},"border":{"bottom":{"color":"var:preset|color|accent-6","width":"1px"},"top":[],"right":[],"left":[]}},"layout":{"type":"flex","flexWrap":"nowrap","verticalAlignment":"center","justifyContent":"space-between"}} -->
<div class="wp-block-group alignfull" style="border-bottom-color:var(--wp--preset--color--accent-6);border-bottom-width:1px;padding-top:var(--wp--preset--spacing--30);padding-bottom:var(--wp--preset--spacing--30)"><!-- wp:post-title {"level":3,"isLink":true,"fontSize":"large"} /-->

<!-- wp:post-date {"textAlign":"right","isLink":true} /--></div>
<!-- /wp:group -->
<!-- /wp:post-template --></div>
<!-- /wp:query --></div>
<!-- /wp:group --></main>
<!-- /wp:group -->

<!-- wp:template-part {"slug":"footer","theme":"twentytwentyfive"} /-->]]></content:encoded>
		<excerpt:encoded><![CDATA[Zeigt einen einzelnen Beitrag auf deiner Website an, solange kein individuelles Template für diesen Beitrag angewendet wird oder ein zugehöriges Template existiert.]]></excerpt:encoded>

		<wp:post_id>680</wp:post_id>
		<wp:post_date>2025-11-15 18:25:29</wp:post_date>
		<wp:post_date_gmt>2025-11-15 18:25:29</wp:post_date_gmt>
		<wp:comment_status>closed</wp:comment_status>
		<wp:ping_status>closed</wp:ping_status>
		<wp:post_name>single</wp:post_name>
		<wp:status>publish</wp:status>
		<wp:post_parent>0</wp:post_parent>
		<wp:menu_order>0</wp:menu_order>
		<wp:post_type>wp_template</wp:post_type>
		<wp:post_password></wp:post_password>
		<wp:is_sticky>0</wp:is_sticky>

		<category domain="wp_theme" nicename="twentytwentyfive">twentytwentyfive</category>
		<wp:postmeta>
			<wp:meta_key>origin</wp:meta_key>
			<wp:meta_value><![CDATA[theme]]></wp:meta_value>
		</wp:postmeta>
	</item>
	<item>
		<title>Einzelnes Element: Beitrag</title>
		<link>https://www.returnme.at/single-post/</link>
		<pubDate>Sa., 06 Dez. 2025 15:40:35 +0000</pubDate>
		<dc:creator>WALE</dc:creator>
		<guid isPermaLink="false">https://www.returnme.at/single-post/</guid>
		<description></description>
		<content:encoded><![CDATA[<!-- wp:cover {"useFeaturedImage":true,"dimRatio":50,"customOverlayColor":"#FFF","isDark":false,"layout":{"type":"constrained"}} -->
<div class="wp-block-cover is-light"><span aria-hidden="true" class="wp-block-cover__background has-background-dim" style="background-color:#FFF"></span><div class="wp-block-cover__inner-container"><!-- wp:post-title /--></div></div>
<!-- /wp:cover -->]]></content:encoded>
		<excerpt:encoded><![CDATA[Zeigt ein einzelnes Element an: Beitrag.]]></excerpt:encoded>

		<wp:post_id>2331</wp:post_id>
		<wp:post_date>2025-12-06 15:40:35</wp:post_date>
		<wp:post_date_gmt>2025-12-06 15:40:35</wp:post_date_gmt>
		<wp:comment_status>closed</wp:comment_status>
		<wp:ping_status>closed</wp:ping_status>
		<wp:post_name>single-post</wp:post_name>
		<wp:status>publish</wp:status>
		<wp:post_parent>0</wp:post_parent>
		<wp:menu_order>0</wp:menu_order>
		<wp:post_type>wp_template</wp:post_type>
		<wp:post_password></wp:post_password>
		<wp:is_sticky>0</wp:is_sticky>

		<category domain="wp_theme" nicename="twentytwentyfive">twentytwentyfive</category>
		<wp:postmeta>
			<wp:meta_key>is_wp_suggestion</wp:meta_key>
			<wp:meta_value><![CDATA[1]]></wp:meta_value>
		</wp:postmeta>
	</item>
	<item>
		<title>mtbtouren</title>
		<link>https://www.returnme.at/mtbtouren/</link>
		<pubDate>Fr., 05 Dez. 2025 19:45:13 +0000</pubDate>
		<dc:creator>F W</dc:creator>
		<guid isPermaLink="false">https://www.returnme.at/mtbtouren/</guid>
		<description></description>
		<content:encoded><![CDATA[<!-- wp:group {"tagName":"header","layout":{"inherit":true}} -->
<header class="wp-block-group"><!-- wp:site-title /-->

<!-- wp:site-tagline /--></header>
<!-- /wp:group -->

<!-- wp:separator -->
<hr class="wp-block-separator has-alpha-channel-opacity"/>
<!-- /wp:separator -->

<!-- wp:group {"tagName":"main"} -->
<main class="wp-block-group"><!-- wp:group {"layout":{"inherit":true}} -->
<div class="wp-block-group"><!-- wp:post-title /--></div>
<!-- /wp:group -->

<!-- wp:post-content {"layout":{"inherit":true}} /--></main>
<!-- /wp:group -->]]></content:encoded>
		<excerpt:encoded><![CDATA[]]></excerpt:encoded>

		<wp:post_id>2325</wp:post_id>
		<wp:post_date>2025-12-05 19:45:13</wp:post_date>
		<wp:post_date_gmt>2025-12-05 19:45:13</wp:post_date_gmt>
		<wp:comment_status>closed</wp:comment_status>
		<wp:ping_status>closed</wp:ping_status>
		<wp:post_name>mtbtouren</wp:post_name>
		<wp:status>publish</wp:status>
		<wp:post_parent>0</wp:post_parent>
		<wp:menu_order>0</wp:menu_order>
		<wp:post_type>wp_template</wp:post_type>
		<wp:post_password></wp:post_password>
		<wp:is_sticky>0</wp:is_sticky>

		<category domain="wp_theme" nicename="twentytwentyfive">twentytwentyfive</category>
	</item>
	<item>
		<title>Seite ohne Titel</title>
		<link>https://www.returnme.at/page-no-title/</link>
		<pubDate>Mi., 19 Nov. 2025 12:53:59 +0000</pubDate>
		<dc:creator>WALE</dc:creator>
		<guid isPermaLink="false">https://www.returnme.at/page-no-title/</guid>
		<description></description>
		<content:encoded><![CDATA[<!-- wp:template-part {"slug":"header","theme":"twentytwentyfive"} /-->

<!-- wp:group {"tagName":"main","style":{"spacing":{"margin":{"top":"0"}}}} -->
<main class="wp-block-group" style="margin-top:0"><!-- wp:post-content {"lock":{"move":false,"remove":true},"layout":{"type":"constrained","contentSize":"1200px"}} /--></main>
<!-- /wp:group -->

<!-- wp:template-part {"slug":"footer","theme":"twentytwentyfive"} /-->]]></content:encoded>
		<excerpt:encoded><![CDATA[]]></excerpt:encoded>

		<wp:post_id>1179</wp:post_id>
		<wp:post_date>2025-11-19 12:53:59</wp:post_date>
		<wp:post_date_gmt>2025-11-19 12:53:59</wp:post_date_gmt>
		<wp:comment_status>closed</wp:comment_status>
		<wp:ping_status>closed</wp:ping_status>
		<wp:post_name>page-no-title</wp:post_name>
		<wp:status>publish</wp:status>
		<wp:post_parent>0</wp:post_parent>
		<wp:menu_order>0</wp:menu_order>
		<wp:post_type>wp_template</wp:post_type>
		<wp:post_password></wp:post_password>
		<wp:is_sticky>0</wp:is_sticky>

		<category domain="wp_theme" nicename="twentytwentyfive">twentytwentyfive</category>
		<wp:postmeta>
			<wp:meta_key>origin</wp:meta_key>
			<wp:meta_value><![CDATA[theme]]></wp:meta_value>
		</wp:postmeta>
	</item>
	<item>
		<title>Seiten</title>
		<link>https://www.returnme.at/page/</link>
		<pubDate>Fr., 07 Nov. 2025 13:27:28 +0000</pubDate>
		<dc:creator>admin</dc:creator>
		<guid isPermaLink="false">https://www.returnme.at/page/</guid>
		<description></description>
		<content:encoded><![CDATA[<!-- wp:template-part {"slug":"header","theme":"twentytwentyfive"} /-->

<!-- wp:post-content {"align":"full","className":"/* Mobile-Rand nur auf der Seite \u0022Routen\u0022 (ID 191) anpassen */ @media (max-width: 781px) {   body.page-id-191 {     \u002d\u002dwp\u002d\u002dstyle\u002d\u002droot\u002d\u002dpadding-left: 10px;     \u002d\u002dwp\u002d\u002dstyle\u002d\u002droot\u002d\u002dpadding-right: 10px;   } }","style":{"spacing":{"blockGap":"0px"},"dimensions":{"minHeight":"85px"},"border":{"width":"0px","style":"none","radius":"0px"}},"layout":{"type":"constrained","contentSize":"1200px"}} /-->

<!-- wp:template-part {"slug":"footer","theme":"twentytwentyfive"} /-->]]></content:encoded>
		<excerpt:encoded><![CDATA[Zeigt eine statische Seite an, solange kein individuelles Template auf diese Seite angewendet wird oder ein zugehöriges Template existiert.]]></excerpt:encoded>

		<wp:post_id>50</wp:post_id>
		<wp:post_date>2025-11-07 13:27:28</wp:post_date>
		<wp:post_date_gmt>2025-11-07 13:27:28</wp:post_date_gmt>
		<wp:comment_status>closed</wp:comment_status>
		<wp:ping_status>closed</wp:ping_status>
		<wp:post_name>page</wp:post_name>
		<wp:status>publish</wp:status>
		<wp:post_parent>0</wp:post_parent>
		<wp:menu_order>0</wp:menu_order>
		<wp:post_type>wp_template</wp:post_type>
		<wp:post_password></wp:post_password>
		<wp:is_sticky>0</wp:is_sticky>

		<category domain="wp_theme" nicename="twentytwentyfive">twentytwentyfive</category>
		<wp:postmeta>
			<wp:meta_key>origin</wp:meta_key>
			<wp:meta_value><![CDATA[theme]]></wp:meta_value>
		</wp:postmeta>
	</item>
	<item>
		<title>Touren</title>
		<link>https://www.returnme.at/touren/</link>
		<pubDate>Sa., 06 Dez. 2025 15:20:23 +0000</pubDate>
		<dc:creator>WALE</dc:creator>
		<guid isPermaLink="false">https://www.returnme.at/touren/</guid>
		<description></description>
		<content:encoded><![CDATA[<!-- wp:template-part {"slug":"header","theme":"twentytwentyfive","area":"header"} /-->

<!-- wp:cover {"useFeaturedImage":true,"dimRatio":50,"customOverlayColor":"#FFF","minHeight":188,"minHeightUnit":"px","isDark":false,"layout":{"type":"constrained"}} -->
<div class="wp-block-cover is-light" style="min-height:188px"><span aria-hidden="true" class="wp-block-cover__background has-background-dim" style="background-color:#FFF"></span><div class="wp-block-cover__inner-container"><!-- wp:post-title {"textAlign":"center"} /-->

<!-- wp:post-title /--></div></div>
<!-- /wp:cover -->]]></content:encoded>
		<excerpt:encoded><![CDATA[]]></excerpt:encoded>

		<wp:post_id>2328</wp:post_id>
		<wp:post_date>2025-12-06 15:20:23</wp:post_date>
		<wp:post_date_gmt>2025-12-06 15:20:23</wp:post_date_gmt>
		<wp:comment_status>closed</wp:comment_status>
		<wp:ping_status>closed</wp:ping_status>
		<wp:post_name>touren</wp:post_name>
		<wp:status>publish</wp:status>
		<wp:post_parent>0</wp:post_parent>
		<wp:menu_order>0</wp:menu_order>
		<wp:post_type>wp_template</wp:post_type>
		<wp:post_password></wp:post_password>
		<wp:is_sticky>0</wp:is_sticky>

		<category domain="wp_theme" nicename="twentytwentyfive">twentytwentyfive</category>
		<wp:postmeta>
			<wp:meta_key>is_wp_suggestion</wp:meta_key>
			<wp:meta_value><![CDATA[]]></wp:meta_value>
		</wp:postmeta>
	</item>
	<item>
		<title>Touren Seite</title>
		<link>https://www.returnme.at/touren-seite/</link>
		<pubDate>Do., 04 Dez. 2025 19:54:06 +0000</pubDate>
		<dc:creator>WALE</dc:creator>
		<guid isPermaLink="false">https://www.returnme.at/touren-seite/</guid>
		<description></description>
		<content:encoded><![CDATA[<!-- wp:template-part {"slug":"header","theme":"twentytwentyfive"} /-->

<!-- wp:group {"tagName":"main","style":{"spacing":{"margin":{"top":"var:preset|spacing|40"}}},"layout":{"type":"default"}} -->
<main class="wp-block-group" style="margin-top:var(--wp--preset--spacing--40)"><!-- wp:heading {"textAlign":"center","level":1} -->
<h1 class="wp-block-heading has-text-align-center">Touren</h1>
<!-- /wp:heading -->

<!-- wp:query {"queryId":4,"query":{"perPage":10,"pages":0,"offset":0,"postType":"tour","order":"desc","orderBy":"date","author":"","search":"","exclude":[],"sticky":"","inherit":false,"parents":[],"format":[]},"align":"full","layout":{"type":"constrained"},"twAnimation":"fade-in"} -->
<div class="wp-block-query alignfull"><!-- wp:post-template {"align":"wide","layout":{"type":"grid","columnCount":3}} -->
<!-- wp:group {"align":"full","style":{"spacing":{"padding":{"top":"var:preset|spacing|60","bottom":"var:preset|spacing|60"}}},"layout":{"type":"constrained"}} -->
<div class="wp-block-group alignfull" style="padding-top:var(--wp--preset--spacing--60);padding-bottom:var(--wp--preset--spacing--60)"><!-- wp:post-title {"textAlign":"center","isLink":true,"fontSize":"x-large"} /-->

<!-- wp:post-featured-image {"isLink":true,"aspectRatio":"3/2"} /-->

<!-- wp:post-excerpt {"fontSize":"medium"} /-->

<!-- wp:post-date {"isLink":true,"metadata":{"bindings":{"datetime":{"source":"core/post-data","args":{"field":"date"}}}},"style":{"spacing":{"margin":{"top":"var:preset|spacing|40"}}},"fontSize":"small"} /--></div>
<!-- /wp:group -->
<!-- /wp:post-template -->

<!-- wp:group {"style":{"spacing":{"padding":{"top":"var:preset|spacing|60","bottom":"var:preset|spacing|60"}}},"layout":{"type":"constrained"}} -->
<div class="wp-block-group" style="padding-top:var(--wp--preset--spacing--60);padding-bottom:var(--wp--preset--spacing--60)"><!-- wp:query-no-results -->
<!-- wp:paragraph -->
<p>Es wurde leider nichts gefunden. Bitte versuche eine Suche mit anderen Suchbegriffen.</p>
<!-- /wp:paragraph -->
<!-- /wp:query-no-results --></div>
<!-- /wp:group -->

<!-- wp:group {"align":"wide","layout":{"type":"constrained"}} -->
<div class="wp-block-group alignwide"><!-- wp:query-pagination {"paginationArrow":"arrow","align":"wide","layout":{"type":"flex","justifyContent":"space-between"}} -->
<!-- wp:query-pagination-previous /-->

<!-- wp:query-pagination-numbers /-->

<!-- wp:query-pagination-next /-->
<!-- /wp:query-pagination --></div>
<!-- /wp:group --></div>
<!-- /wp:query --></main>
<!-- /wp:group -->

<!-- wp:template-part {"slug":"footer","theme":"twentytwentyfive"} /-->]]></content:encoded>
		<excerpt:encoded><![CDATA[]]></excerpt:encoded>

		<wp:post_id>2275</wp:post_id>
		<wp:post_date>2025-12-04 19:54:06</wp:post_date>
		<wp:post_date_gmt>2025-12-04 19:54:06</wp:post_date_gmt>
		<wp:comment_status>closed</wp:comment_status>
		<wp:ping_status>closed</wp:ping_status>
		<wp:post_name>touren-seite</wp:post_name>
		<wp:status>publish</wp:status>
		<wp:post_parent>0</wp:post_parent>
		<wp:menu_order>0</wp:menu_order>
		<wp:post_type>wp_template</wp:post_type>
		<wp:post_password></wp:post_password>
		<wp:is_sticky>0</wp:is_sticky>

		<category domain="wp_theme" nicename="twentytwentyfive">twentytwentyfive</category>
		<wp:postmeta>
			<wp:meta_key>is_wp_suggestion</wp:meta_key>
			<wp:meta_value><![CDATA[]]></wp:meta_value>
		</wp:postmeta>
	</item>
	<item>
		<title>Footer</title>
		<link>https://www.returnme.at/footer/</link>
		<pubDate>Sa., 15 Nov. 2025 09:17:35 +0000</pubDate>
		<dc:creator>admin</dc:creator>
		<guid isPermaLink="false">https://www.returnme.at/footer/</guid>
		<description></description>
		<content:encoded><![CDATA[<!-- wp:group {"style":{"spacing":{"padding":{"top":"var:preset|spacing|20","bottom":"var:preset|spacing|30"},"margin":{"top":"var:preset|spacing|30","bottom":"var:preset|spacing|30"}}},"backgroundColor":"base","layout":{"type":"constrained","contentSize":"500px"}} -->
<div class="wp-block-group has-base-background-color has-background" style="margin-top:var(--wp--preset--spacing--30);margin-bottom:var(--wp--preset--spacing--30);padding-top:var(--wp--preset--spacing--20);padding-bottom:var(--wp--preset--spacing--30)"><!-- wp:columns -->
<div class="wp-block-columns"><!-- wp:column {"width":"50%","className":"is-style-default"} -->
<div class="wp-block-column is-style-default" style="flex-basis:50%"><!-- wp:paragraph {"align":"left","fontSize":"small"} -->
<p class="has-text-align-left has-small-font-size"><a href="https://www.returnme.at/dsgvo/" data-type="page" data-id="612">IMPRESSUM / DSGVO</a></p>
<!-- /wp:paragraph -->

<!-- wp:social-links -->
<ul class="wp-block-social-links"><!-- wp:social-link {"service":"facebook"} /--></ul>
<!-- /wp:social-links --></div>
<!-- /wp:column -->

<!-- wp:column {"width":"60%"} -->
<div class="wp-block-column" style="flex-basis:60%"><!-- wp:heading {"level":5} -->
<h5 class="wp-block-heading"><strong>Kontakt</strong><br>Stadlberg 6<br>A – 4491 Niederneukirchen<br><strong>E-Mail:</strong> <small><a href="mailto:office@mtb-niederneukirchen.at">office@mtb-niederneukirchen.at</a></small></h5>
<!-- /wp:heading --></div>
<!-- /wp:column --></div>
<!-- /wp:columns --></div>
<!-- /wp:group -->]]></content:encoded>
		<excerpt:encoded><![CDATA[]]></excerpt:encoded>

		<wp:post_id>605</wp:post_id>
		<wp:post_date>2025-11-15 09:17:35</wp:post_date>
		<wp:post_date_gmt>2025-11-15 09:17:35</wp:post_date_gmt>
		<wp:comment_status>closed</wp:comment_status>
		<wp:ping_status>closed</wp:ping_status>
		<wp:post_name>footer</wp:post_name>
		<wp:status>publish</wp:status>
		<wp:post_parent>0</wp:post_parent>
		<wp:menu_order>0</wp:menu_order>
		<wp:post_type>wp_template_part</wp:post_type>
		<wp:post_password></wp:post_password>
		<wp:is_sticky>0</wp:is_sticky>

		<category domain="wp_theme" nicename="twentytwentyfive">twentytwentyfive</category>
		<category domain="wp_template_part_area" nicename="footer">footer</category>
		<wp:postmeta>
			<wp:meta_key>origin</wp:meta_key>
			<wp:meta_value><![CDATA[theme]]></wp:meta_value>
		</wp:postmeta>
	</item>
	<item>
		<title>Header</title>
		<link>https://www.returnme.at/header/</link>
		<pubDate>Fr., 07 Nov. 2025 13:36:08 +0000</pubDate>
		<dc:creator>admin</dc:creator>
		<guid isPermaLink="false">https://www.returnme.at/header/</guid>
		<description></description>
		<content:encoded><![CDATA[<!-- wp:group {"layout":{"type":"default"}} -->
<div class="wp-block-group"><!-- wp:columns {"verticalAlignment":"center","className":"is-style-default","style":{"spacing":{"margin":{"top":"0","bottom":"0"},"blockGap":{"top":"0","left":"var:preset|spacing|20"},"padding":{"right":"0","left":"0","top":"var:preset|spacing|30","bottom":"var:preset|spacing|30"}},"color":{"background":"#990000"},"typography":{"fontSize":"1.75rem"}}} -->
<div class="wp-block-columns are-vertically-aligned-center is-style-default has-background" style="background-color:#990000;margin-top:0;margin-bottom:0;padding-top:var(--wp--preset--spacing--30);padding-right:0;padding-bottom:var(--wp--preset--spacing--30);padding-left:0;font-size:1.75rem"><!-- wp:column {"verticalAlignment":"center","width":"40%","className":"is-style-default","style":{"elements":{"link":{"color":{"text":"var:preset|color|base"}}}},"textColor":"base"} -->
<div class="wp-block-column is-vertically-aligned-center is-style-default has-base-color has-text-color has-link-color" style="flex-basis:40%"><!-- wp:heading {"textAlign":"center","style":{"color":{"text":"#ffee58"},"elements":{"link":{"color":{"text":"#ffee58"}}}}} -->
<h2 class="wp-block-heading has-text-align-center has-text-color has-link-color" style="color:#ffee58"><strong><a href="https://www.returnme.at/">MTB-Niederneukirchen</a></strong></h2>
<!-- /wp:heading --></div>
<!-- /wp:column -->

<!-- wp:column {"verticalAlignment":"center","width":"73.23%","className":"tw-stretched-link","style":{"typography":{"fontSize":"1rem"}},"layout":{"type":"default"}} -->
<div class="wp-block-column is-vertically-aligned-center tw-stretched-link" style="font-size:1rem;flex-basis:73.23%"><!-- wp:template-part {"slug":"mobile-menu","theme":"twentytwentyfive","area":"header"} /--></div>
<!-- /wp:column --></div>
<!-- /wp:columns --></div>
<!-- /wp:group -->]]></content:encoded>
		<excerpt:encoded><![CDATA[]]></excerpt:encoded>

		<wp:post_id>61</wp:post_id>
		<wp:post_date>2025-11-07 13:36:08</wp:post_date>
		<wp:post_date_gmt>2025-11-07 13:36:08</wp:post_date_gmt>
		<wp:comment_status>closed</wp:comment_status>
		<wp:ping_status>closed</wp:ping_status>
		<wp:post_name>header</wp:post_name>
		<wp:status>publish</wp:status>
		<wp:post_parent>0</wp:post_parent>
		<wp:menu_order>0</wp:menu_order>
		<wp:post_type>wp_template_part</wp:post_type>
		<wp:post_password></wp:post_password>
		<wp:is_sticky>0</wp:is_sticky>

		<category domain="wp_theme" nicename="twentytwentyfive">twentytwentyfive</category>
		<category domain="wp_template_part_area" nicename="header">header</category>
		<wp:postmeta>
			<wp:meta_key>origin</wp:meta_key>
			<wp:meta_value><![CDATA[theme]]></wp:meta_value>
		</wp:postmeta>
	</item>
	<item>
		<title>Header</title>
		<link>https://www.returnme.at/header/</link>
		<pubDate>Mi., 12 Nov. 2025 12:34:28 +0000</pubDate>
		<dc:creator>admin</dc:creator>
		<guid isPermaLink="false">https://www.returnme.at/header/</guid>
		<description></description>
		<content:encoded><![CDATA[<!-- wp:group {"metadata":{"categories":["bricksy-headers"],"patternName":"bricksy/header-sticky","name":"Sticky Header"},"align":"full","className":"sticky","style":{"spacing":{"padding":{"right":"var(\u002d\u002dwp\u002d\u002dcustom\u002d\u002dspacing\u002d\u002dsmall, 1.25rem)","left":"var(\u002d\u002dwp\u002d\u002dcustom\u002d\u002dspacing\u002d\u002dsmall, 1.25rem)"}}},"layout":{"inherit":true,"type":"constrained"}} -->
<div class="wp-block-group alignfull sticky" style="padding-right:var(--wp--custom--spacing--small, 1.25rem);padding-left:var(--wp--custom--spacing--small, 1.25rem)"><!-- wp:group {"align":"wide","style":{"spacing":{"padding":{"bottom":"calc(.5*var(\u002d\u002dwp\u002d\u002dcustom\u002d\u002dspacing\u002d\u002dsmall, 1.25rem))","top":"calc(.5*var(\u002d\u002dwp\u002d\u002dcustom\u002d\u002dspacing\u002d\u002dsmall, 1.25rem))"}}},"layout":{"type":"flex","justifyContent":"space-between"}} -->
<div class="wp-block-group alignwide" style="padding-top:calc(.5*var(--wp--custom--spacing--small, 1.25rem));padding-bottom:calc(.5*var(--wp--custom--spacing--small, 1.25rem))"><!-- wp:group {"layout":{"type":"flex"}} -->
<div class="wp-block-group"><!-- wp:site-logo {"width":212.630136986301} /-->

<!-- wp:site-title {"level":0,"className":"wedding-handwritten","fontSize":"large"} /--></div>
<!-- /wp:group -->

<!-- wp:navigation {"ref":33,"layout":{"type":"flex","setCascadingProperties":true,"justifyContent":"right"}} /--></div>
<!-- /wp:group --></div>
<!-- /wp:group -->]]></content:encoded>
		<excerpt:encoded><![CDATA[]]></excerpt:encoded>

		<wp:post_id>344</wp:post_id>
		<wp:post_date>2025-11-12 12:34:28</wp:post_date>
		<wp:post_date_gmt>2025-11-12 12:34:28</wp:post_date_gmt>
		<wp:comment_status>closed</wp:comment_status>
		<wp:ping_status>closed</wp:ping_status>
		<wp:post_name>header</wp:post_name>
		<wp:status>publish</wp:status>
		<wp:post_parent>0</wp:post_parent>
		<wp:menu_order>0</wp:menu_order>
		<wp:post_type>wp_template_part</wp:post_type>
		<wp:post_password></wp:post_password>
		<wp:is_sticky>0</wp:is_sticky>

		<category domain="wp_theme" nicename="bricksy">bricksy</category>
		<category domain="wp_template_part_area" nicename="header">header</category>
		<wp:postmeta>
			<wp:meta_key>origin</wp:meta_key>
			<wp:meta_value><![CDATA[theme]]></wp:meta_value>
		</wp:postmeta>
	</item>
	<item>
		<title>Mobile Menu</title>
		<link>https://www.returnme.at/mobile-menu/</link>
		<pubDate>Mo., 17 Nov. 2025 09:37:36 +0000</pubDate>
		<dc:creator>admin</dc:creator>
		<guid isPermaLink="false">https://www.returnme.at/mobile-menu/</guid>
		<description></description>
		<content:encoded><![CDATA[<!-- wp:navigation {"ref":1436,"textColor":"accent-1","customBackgroundColor":"#990000","openSubmenusOnClick":true,"icon":"menu","customOverlayBackgroundColor":"#990000","overlayTextColor":"accent-1","style":{"spacing":{"blockGap":"var:preset|spacing|30"},"typography":{"textTransform":"uppercase","fontSize":"20px"}},"layout":{"type":"flex","justifyContent":"center"}} /-->]]></content:encoded>
		<excerpt:encoded><![CDATA[]]></excerpt:encoded>

		<wp:post_id>816</wp:post_id>
		<wp:post_date>2025-11-17 09:37:36</wp:post_date>
		<wp:post_date_gmt>2025-11-17 09:37:36</wp:post_date_gmt>
		<wp:comment_status>closed</wp:comment_status>
		<wp:ping_status>closed</wp:ping_status>
		<wp:post_name>mobile-menu</wp:post_name>
		<wp:status>publish</wp:status>
		<wp:post_parent>0</wp:post_parent>
		<wp:menu_order>0</wp:menu_order>
		<wp:post_type>wp_template_part</wp:post_type>
		<wp:post_password></wp:post_password>
		<wp:is_sticky>0</wp:is_sticky>

		<category domain="wp_theme" nicename="twentytwentyfive">twentytwentyfive</category>
		<category domain="wp_template_part_area" nicename="header">header</category>
		<wp:postmeta>
			<wp:meta_key>_edit_last</wp:meta_key>
			<wp:meta_value><![CDATA[1]]></wp:meta_value>
		</wp:postmeta>
	</item>
	<item>
		<title>mtbloop</title>
		<link>https://www.returnme.at/mtbloop/</link>
		<pubDate>Fr., 05 Dez. 2025 19:51:13 +0000</pubDate>
		<dc:creator>F W</dc:creator>
		<guid isPermaLink="false">https://www.returnme.at/mtbloop/</guid>
		<description></description>
		<content:encoded><![CDATA[<!-- wp:heading {"textAlign":"center","level":1} -->
<h1 class="wp-block-heading has-text-align-center">Blogbeiträge</h1>
<!-- /wp:heading -->]]></content:encoded>
		<excerpt:encoded><![CDATA[]]></excerpt:encoded>

		<wp:post_id>2326</wp:post_id>
		<wp:post_date>2025-12-05 19:51:13</wp:post_date>
		<wp:post_date_gmt>2025-12-05 19:51:13</wp:post_date_gmt>
		<wp:comment_status>closed</wp:comment_status>
		<wp:ping_status>closed</wp:ping_status>
		<wp:post_name>mtbloop</wp:post_name>
		<wp:status>publish</wp:status>
		<wp:post_parent>0</wp:post_parent>
		<wp:menu_order>0</wp:menu_order>
		<wp:post_type>wp_template_part</wp:post_type>
		<wp:post_password></wp:post_password>
		<wp:is_sticky>0</wp:is_sticky>

		<category domain="wp_theme" nicename="twentytwentyfive">twentytwentyfive</category>
		<category domain="wp_template_part_area" nicename="uncategorized">uncategorized</category>
	</item>
	<item>
		<title>Menü</title>
		<link>https://www.returnme.at/menue/</link>
		<pubDate>Do., 20 Nov. 2025 18:14:14 +0000</pubDate>
		<dc:creator>admin</dc:creator>
		<guid isPermaLink="false">https://www.returnme.at/menue/</guid>
		<description></description>
		<content:encoded><![CDATA[<!-- wp:navigation-link {"label":"\u003cstrong\u003eStart\u003c/strong\u003e","type":"page","id":56,"url":"https://www.returnme.at/","kind":"post-type"} /-->

<!-- wp:navigation-link {"label":"\u003cstrong\u003eBeiträge\u003c/strong\u003e","type":"page","id":509,"url":"https://www.returnme.at/beitraege/","kind":"post-type"} /-->

<!-- wp:navigation-link {"label":"\u003cstrong\u003eKalender\u003c/strong\u003e","type":"page","id":406,"url":"https://www.returnme.at/kalender/","kind":"post-type"} /-->

<!-- wp:navigation-submenu {"label":"\u003cstrong\u003eÜber uns\u003c/strong\u003e","url":"#%C3%9Cber%20uns","kind":"custom"} -->
<!-- wp:navigation-link {"label":"\u003cstrong\u003eDer Vorstand\u003c/strong\u003e","type":"page","id":77,"url":"https://www.returnme.at/der-vorstand/","kind":"post-type"} /-->

<!-- wp:navigation-link {"label":"\u003cstrong\u003eGeschichte\u003c/strong\u003e","type":"page","id":634,"url":"https://www.returnme.at/geschichte/","kind":"post-type"} /-->
<!-- /wp:navigation-submenu -->

<!-- wp:navigation-submenu {"label":"\u003cstrong\u003eIntern\u003c/strong\u003e","type":"page","id":556,"url":"https://www.returnme.at/intern/","kind":"post-type"} -->
<!-- wp:navigation-link {"label":"\u003cstrong\u003eKalender intern\u003c/strong\u003e","type":"page","id":1989,"url":"https://www.returnme.at/intern-2/","kind":"post-type"} /-->

<!-- wp:navigation-link {"label":"\u003cstrong\u003eRouten\u003c/strong\u003e","type":"page","id":191,"url":"https://www.returnme.at/routen/","kind":"post-type"} /-->

<!-- wp:navigation-link {"label":"Touren","type":"page","url":"https://www.returnme.at/tour/","kind":"post-type"} /-->
<!-- /wp:navigation-submenu -->]]></content:encoded>
		<excerpt:encoded><![CDATA[]]></excerpt:encoded>

		<wp:post_id>1436</wp:post_id>
		<wp:post_date>2025-11-20 18:14:14</wp:post_date>
		<wp:post_date_gmt>2025-11-20 18:14:14</wp:post_date_gmt>
		<wp:comment_status>closed</wp:comment_status>
		<wp:ping_status>closed</wp:ping_status>
		<wp:post_name>menue</wp:post_name>
		<wp:status>publish</wp:status>
		<wp:post_parent>0</wp:post_parent>
		<wp:menu_order>0</wp:menu_order>
		<wp:post_type>wp_navigation</wp:post_type>
		<wp:post_password></wp:post_password>
		<wp:is_sticky>0</wp:is_sticky>

	</item>
	<item>
		<title>Custom Styles</title>
		<link>https://www.returnme.at/wp-global-styles-twentytwentyfive/</link>
		<pubDate>Fr., 07 Nov. 2025 10:58:11 +0000</pubDate>
		<dc:creator>admin</dc:creator>
		<guid isPermaLink="false">https://www.returnme.at/wp-global-styles-twentytwentyfive/</guid>
		<description></description>
		<content:encoded><![CDATA[{"styles":{"css":"\/* ===============================================\n   STICKY MEN\u00dc F\u00dcR TWENTY TWENTY-FIVE THEME\n   WordPress 6.8.3 FSE - UNIVERSELL\n   =============================================== *\/\n\n\/* ALLE m\u00f6glichen Header-Strukturen abdecken *\/\nheader.wp-block-group,\n.wp-block-template-part header,\nbody > .wp-site-blocks > header,\n.wp-block-group.is-layout-constrained > header,\nheader[class*=\"wp-block\"],\n.site-header,\n#masthead {\n    position: sticky !important;\n    top: 0 !important;\n    z-index: 999 !important;\n    background-color: #fff !important;\n    box-shadow: 0 2px 10px rgba(0, 0, 0, 0.1) !important;\n    transition: all 0.3s ease !important;\n}\n\n\/* Spezifisch f\u00fcr Template Parts *\/\n.wp-block-template-part[class*=\"header\"] {\n    position: sticky !important;\n    top: 0 !important;\n    z-index: 999 !important;\n    background-color: #fff !important;\n    box-shadow: 0 2px 10px rgba(0, 0, 0, 0.1) !important;\n}\n\n\/* Navigation Block sticky *\/\n.wp-block-navigation {\n    background-color: inherit;\n}\n\n\/* Verhindert Spr\u00fcnge beim Scrollen *\/\nbody {\n    scroll-padding-top: 100px;\n}\n\n\/* Scrolled State - kleinere Padding beim Scrollen (optional) *\/\nheader.wp-block-group.scrolled,\n.wp-block-template-part header.scrolled {\n    padding-top: 10px !important;\n    padding-bottom: 10px !important;\n}\n\n\/* Mobile Anpassungen *\/\n@media (max-width: 782px) {\n    .wp-block-template-part header,\n    header.wp-block-group {\n        position: sticky !important;\n        top: 0 !important;\n    }\n    \n    body {\n        scroll-padding-top: 80px;\n    }\n}\n\n\/* F\u00fcr Admin Bar Kompensation (wenn eingeloggt) *\/\n.admin-bar header.wp-block-group,\n.admin-bar .wp-block-template-part header,\n.admin-bar body > .wp-site-blocks > header,\n.admin-bar .wp-block-template-part[class*=\"header\"] {\n    top: 32px !important;\n}\n\n@media screen and (max-width: 782px) {\n    .admin-bar header.wp-block-group,\n    .admin-bar .wp-block-template-part header,\n    .admin-bar body > .wp-site-blocks > header,\n    .admin-bar .wp-block-template-part[class*=\"header\"] {\n        top: 46px !important;\n    }\n}\n\n\/* Transparenten Header sticky machen (falls verwendet) *\/\nheader.has-background {\n    background-color: var(--wp--preset--color--base) !important;\n}\n\n\/* Smooth Scroll f\u00fcr Anker-Links *\/\nhtml {\n    scroll-behavior: smooth;\n}\n\/* ===============================highlight the current page on the navigation menu ======================= *\/\n\n.wp-block-navigation .current-menu-item > a,\n.wp-block-navigation .current-menu-ancestor > a {\n  text-decoration: underline !important;\n}\n\/*\n====== CSS Laufschrift============\n*\/\n.laufschrift {\n  overflow: hidden;\n  white-space: nowrap;\n  width: 100%;\n  background: #ffee58;\n  padding: 10px 0;\n}\n\n.laufschrift span {\n  display: inline-block;\n  padding-left: 100%;\n  animation: laufen 35s linear infinite;\n}\n\n@keyframes laufen {\n  0% {\n    transform: translateX(0);\n  }\n  100% {\n    transform: translateX(-100%);\n  }\n}","spacing":{"padding":{"top":"0px","right":"10px","bottom":"0px","left":"10px"}},"color":{"background":"var(--wp--preset--color--accent-5)"}},"settings":{"layout":{"contentSize":"645px","wideSize":"1340px"}},"isGlobalStylesUserThemeJSON":true,"version":3}]]></content:encoded>
		<excerpt:encoded><![CDATA[]]></excerpt:encoded>

		<wp:post_id>36</wp:post_id>
		<wp:post_date>2025-11-07 10:58:11</wp:post_date>
		<wp:post_date_gmt>2025-11-07 10:58:11</wp:post_date_gmt>
		<wp:comment_status>closed</wp:comment_status>
		<wp:ping_status>closed</wp:ping_status>
		<wp:post_name>wp-global-styles-twentytwentyfive</wp:post_name>
		<wp:status>publish</wp:status>
		<wp:post_parent>0</wp:post_parent>
		<wp:menu_order>0</wp:menu_order>
		<wp:post_type>wp_global_styles</wp:post_type>
		<wp:post_password></wp:post_password>
		<wp:is_sticky>0</wp:is_sticky>

		<category domain="wp_theme" nicename="twentytwentyfive">twentytwentyfive</category>
	</item>
	<item>
		<title>Custom Styles</title>
		<link>https://www.returnme.at/wp-global-styles-bricksy/</link>
		<pubDate>Mi., 12 Nov. 2025 11:11:05 +0000</pubDate>
		<dc:creator>admin</dc:creator>
		<guid isPermaLink="false">https://www.returnme.at/wp-global-styles-bricksy/</guid>
		<description></description>
		<content:encoded><![CDATA[{"styles":{"css":".site-header {\n  position: sticky;\n  top: 0;\n  width: 100%;\n  z-index: 100; \/* Sorgt daf\u00fcr, dass die Kopfzeile \u00fcber anderen Inhalten liegt *\/\n}\n"},"isGlobalStylesUserThemeJSON":true,"version":3}]]></content:encoded>
		<excerpt:encoded><![CDATA[]]></excerpt:encoded>

		<wp:post_id>343</wp:post_id>
		<wp:post_date>2025-11-12 11:11:05</wp:post_date>
		<wp:post_date_gmt>2025-11-12 11:11:05</wp:post_date_gmt>
		<wp:comment_status>closed</wp:comment_status>
		<wp:ping_status>closed</wp:ping_status>
		<wp:post_name>wp-global-styles-bricksy</wp:post_name>
		<wp:status>publish</wp:status>
		<wp:post_parent>0</wp:post_parent>
		<wp:menu_order>0</wp:menu_order>
		<wp:post_type>wp_global_styles</wp:post_type>
		<wp:post_password></wp:post_password>
		<wp:is_sticky>0</wp:is_sticky>

		<category domain="wp_theme" nicename="bricksy">bricksy</category>
	</item>
	<item>
		<title>Custom Styles</title>
		<link>https://www.returnme.at/wp-global-styles-neve-fse/</link>
		<pubDate>Do., 13 Nov. 2025 19:51:37 +0000</pubDate>
		<dc:creator>admin</dc:creator>
		<guid isPermaLink="false">https://www.returnme.at/wp-global-styles-neve-fse/</guid>
		<description></description>
		<content:encoded><![CDATA[{"version": 3, "isGlobalStylesUserThemeJSON": true }]]></content:encoded>
		<excerpt:encoded><![CDATA[]]></excerpt:encoded>

		<wp:post_id>488</wp:post_id>
		<wp:post_date>2025-11-13 19:51:37</wp:post_date>
		<wp:post_date_gmt>2025-11-13 19:51:37</wp:post_date_gmt>
		<wp:comment_status>closed</wp:comment_status>
		<wp:ping_status>closed</wp:ping_status>
		<wp:post_name>wp-global-styles-neve-fse</wp:post_name>
		<wp:status>publish</wp:status>
		<wp:post_parent>0</wp:post_parent>
		<wp:menu_order>0</wp:menu_order>
		<wp:post_type>wp_global_styles</wp:post_type>
		<wp:post_password></wp:post_password>
		<wp:is_sticky>0</wp:is_sticky>

		<category domain="wp_theme" nicename="neve-fse">neve-fse</category>
	</item>
	<item>
		<title>Beiträge</title>
		<link>https://www.returnme.at/beitraege/</link>
		<pubDate>Do., 13 Nov. 2025 20:04:43 +0000</pubDate>
		<dc:creator>admin</dc:creator>
		<guid isPermaLink="false">https://www.returnme.at/beitraege/</guid>
		<description></description>
		<content:encoded><![CDATA[<!-- wp:group {"align":"full","style":{"spacing":{"padding":{"right":"2rem","left":"2rem"}}},"layout":{"type":"constrained","contentSize":"900px"}} -->
<div class="wp-block-group alignfull" style="padding-right:2rem;padding-left:2rem"><!-- wp:query {"queryId":6,"query":{"offset":0,"postType":"post","order":"desc","orderBy":"date","author":"","search":"","sticky":"","perPage":"6"},"align":"wide","layout":{"contentSize":null,"type":"constrained"}} -->
<div class="wp-block-query alignwide"><!-- wp:post-template {"align":"wide","layout":{"type":"grid","columnCount":4}} -->
<!-- wp:post-featured-image {"isLink":true,"width":"","height":""} /-->

<!-- wp:post-title {"isLink":true,"fontSize":"x-large"} /-->

<!-- wp:post-excerpt /-->

<!-- wp:post-date {"format":"F j, Y","isLink":true,"fontSize":"small"} /-->
<!-- /wp:post-template -->

<!-- wp:spacer {"height":"40px"} -->
<div style="height:40px" aria-hidden="true" class="wp-block-spacer"></div>
<!-- /wp:spacer -->

<!-- wp:query-pagination {"paginationArrow":"arrow","align":"wide","layout":{"type":"flex","justifyContent":"space-between"}} -->
<!-- wp:query-pagination-previous {"fontSize":"small"} /-->

<!-- wp:query-pagination-numbers /-->

<!-- wp:query-pagination-next {"fontSize":"small"} /-->
<!-- /wp:query-pagination -->

<!-- wp:spacer {"height":"40px"} -->
<div style="height:40px" aria-hidden="true" class="wp-block-spacer"></div>
<!-- /wp:spacer --></div>
<!-- /wp:query --></div>
<!-- /wp:group -->]]></content:encoded>
		<excerpt:encoded><![CDATA[]]></excerpt:encoded>

		<wp:post_id>503</wp:post_id>
		<wp:post_date>2025-11-13 20:04:43</wp:post_date>
		<wp:post_date_gmt>2025-11-13 20:04:43</wp:post_date_gmt>
		<wp:comment_status>closed</wp:comment_status>
		<wp:ping_status>closed</wp:ping_status>
		<wp:post_name>beitraege</wp:post_name>
		<wp:status>publish</wp:status>
		<wp:post_parent>0</wp:post_parent>
		<wp:menu_order>0</wp:menu_order>
		<wp:post_type>wp_block</wp:post_type>
		<wp:post_password></wp:post_password>
		<wp:is_sticky>0</wp:is_sticky>

		<category domain="wp_pattern_category" nicename="bricksy-query">Bricksy Blog Layouts</category>
		<wp:postmeta>
			<wp:meta_key>wp_pattern_sync_status</wp:meta_key>
			<wp:meta_value><![CDATA[unsynced]]></wp:meta_value>
		</wp:postmeta>
	</item>
	<item>
		<title>Mein Menü</title>
		<link>https://www.returnme.at/mein-menue/</link>
		<pubDate>Fr., 21 Nov. 2025 06:49:14 +0000</pubDate>
		<dc:creator>WALE</dc:creator>
		<guid isPermaLink="false">https://www.returnme.at/mein-menue/</guid>
		<description></description>
		<content:encoded><![CDATA[<!-- wp:details {"showContent":true,"twIcon":"arrow"} -->
<details class="wp-block-details" open><summary></summary><!-- wp:navigation {"ref":1436,"openSubmenusOnClick":true,"icon":"menu","className":"","style":{"spacing":{"blockGap":"var:preset|spacing|30"}},"fontSize":"large","layout":{"type":"flex","justifyContent":"center"},"mobileMenuSlug":"mobile-menu","twMenuIconSize":"large","twBreakpoint":"tablet"} /--></details>
<!-- /wp:details -->]]></content:encoded>
		<excerpt:encoded><![CDATA[]]></excerpt:encoded>

		<wp:post_id>1508</wp:post_id>
		<wp:post_date>2025-11-21 06:49:14</wp:post_date>
		<wp:post_date_gmt>2025-11-21 06:49:14</wp:post_date_gmt>
		<wp:comment_status>closed</wp:comment_status>
		<wp:ping_status>closed</wp:ping_status>
		<wp:post_name>mein-menue</wp:post_name>
		<wp:status>publish</wp:status>
		<wp:post_parent>0</wp:post_parent>
		<wp:menu_order>0</wp:menu_order>
		<wp:post_type>wp_block</wp:post_type>
		<wp:post_password></wp:post_password>
		<wp:is_sticky>0</wp:is_sticky>

		<category domain="wp_pattern_category" nicename="header">Header</category>
	</item>
	<item>
		<title>Mein Menü</title>
		<link>https://www.returnme.at/mein-menue-2/</link>
		<pubDate>Fr., 21 Nov. 2025 12:48:57 +0000</pubDate>
		<dc:creator>WALE</dc:creator>
		<guid isPermaLink="false">https://www.returnme.at/mein-menue-2/</guid>
		<description></description>
		<content:encoded><![CDATA[<!-- wp:group {"align":"full","layout":{"type":"default"}} -->
<div class="wp-block-group alignfull"><!-- wp:group {"layout":{"type":"constrained"}} -->
<div class="wp-block-group"><!-- wp:group {"align":"wide","style":{"spacing":{"padding":{"top":"var:preset|spacing|30","bottom":"var:preset|spacing|30"}}},"layout":{"type":"flex","flexWrap":"nowrap","justifyContent":"space-between"}} -->
<div class="wp-block-group alignwide" style="padding-top:var(--wp--preset--spacing--30);padding-bottom:var(--wp--preset--spacing--30)"><!-- wp:site-title {"level":0} /-->

<!-- wp:group {"style":{"spacing":{"blockGap":"var:preset|spacing|10"}},"layout":{"type":"flex","flexWrap":"nowrap","justifyContent":"right"}} -->
<div class="wp-block-group"><!-- wp:navigation {"ref":4,"overlayBackgroundColor":"base","overlayTextColor":"contrast","layout":{"type":"flex","justifyContent":"right","flexWrap":"wrap"}} /--></div>
<!-- /wp:group --></div>
<!-- /wp:group --></div>
<!-- /wp:group --></div>
<!-- /wp:group -->]]></content:encoded>
		<excerpt:encoded><![CDATA[]]></excerpt:encoded>

		<wp:post_id>1526</wp:post_id>
		<wp:post_date>2025-11-21 12:48:57</wp:post_date>
		<wp:post_date_gmt>2025-11-21 12:48:57</wp:post_date_gmt>
		<wp:comment_status>closed</wp:comment_status>
		<wp:ping_status>closed</wp:ping_status>
		<wp:post_name>mein-menue-2</wp:post_name>
		<wp:status>publish</wp:status>
		<wp:post_parent>0</wp:post_parent>
		<wp:menu_order>0</wp:menu_order>
		<wp:post_type>wp_block</wp:post_type>
		<wp:post_password></wp:post_password>
		<wp:is_sticky>0</wp:is_sticky>

	</item>
	<item>
		<title>mtbloop</title>
		<link>https://www.returnme.at/mtbloop/</link>
		<pubDate>Fr., 05 Dez. 2025 19:56:59 +0000</pubDate>
		<dc:creator>F W</dc:creator>
		<guid isPermaLink="false">https://www.returnme.at/mtbloop/</guid>
		<description></description>
		<content:encoded><![CDATA[<!-- wp:query {"queryId":4,"query":{"perPage":10,"pages":0,"offset":0,"postType":"post","order":"desc","orderBy":"date","author":"","search":"","exclude":[],"sticky":"","inherit":false,"taxQuery":null,"parents":[]},"align":"full","layout":{"type":"constrained"}} -->
<div class="wp-block-query alignfull"><!-- wp:post-template {"align":"wide","layout":{"type":"grid","columnCount":3}} -->
<!-- wp:group {"align":"full","style":{"spacing":{"padding":{"top":"var:preset|spacing|60","bottom":"var:preset|spacing|60"}}},"layout":{"type":"constrained"}} -->
<div class="wp-block-group alignfull" style="padding-top:var(--wp--preset--spacing--60);padding-bottom:var(--wp--preset--spacing--60)"><!-- wp:post-title {"textAlign":"center","isLink":true,"fontSize":"x-large"} /-->

<!-- wp:post-featured-image {"isLink":true,"aspectRatio":"3/2"} /-->

<!-- wp:post-content {"align":"full","fontSize":"medium","layout":{"type":"constrained"}} /-->

<!-- wp:post-date {"isLink":true,"metadata":{"bindings":{"datetime":{"source":"core/post-data","args":{"field":"date"}}}},"style":{"spacing":{"margin":{"top":"var:preset|spacing|40"}}},"fontSize":"small"} /--></div>
<!-- /wp:group -->
<!-- /wp:post-template -->

<!-- wp:group {"style":{"spacing":{"padding":{"top":"var:preset|spacing|60","bottom":"var:preset|spacing|60"}}},"layout":{"type":"constrained"}} -->
<div class="wp-block-group" style="padding-top:var(--wp--preset--spacing--60);padding-bottom:var(--wp--preset--spacing--60)"><!-- wp:query-no-results -->
<!-- wp:paragraph -->
<p>Es wurde leider nichts gefunden. Bitte versuche eine Suche mit anderen Suchbegriffen.</p>
<!-- /wp:paragraph -->
<!-- /wp:query-no-results --></div>
<!-- /wp:group -->

<!-- wp:group {"align":"wide","layout":{"type":"constrained"}} -->
<div class="wp-block-group alignwide"><!-- wp:query-pagination {"paginationArrow":"arrow","align":"wide","layout":{"type":"flex","justifyContent":"space-between"}} -->
<!-- wp:query-pagination-previous /-->

<!-- wp:query-pagination-numbers /-->

<!-- wp:query-pagination-next /-->
<!-- /wp:query-pagination --></div>
<!-- /wp:group --></div>
<!-- /wp:query -->]]></content:encoded>
		<excerpt:encoded><![CDATA[]]></excerpt:encoded>

		<wp:post_id>2327</wp:post_id>
		<wp:post_date>2025-12-05 19:56:59</wp:post_date>
		<wp:post_date_gmt>2025-12-05 19:56:59</wp:post_date_gmt>
		<wp:comment_status>closed</wp:comment_status>
		<wp:ping_status>closed</wp:ping_status>
		<wp:post_name>mtbloop</wp:post_name>
		<wp:status>publish</wp:status>
		<wp:post_parent>0</wp:post_parent>
		<wp:menu_order>0</wp:menu_order>
		<wp:post_type>wp_block</wp:post_type>
		<wp:post_password></wp:post_password>
		<wp:is_sticky>0</wp:is_sticky>

		<wp:postmeta>
			<wp:meta_key>wp_pattern_sync_status</wp:meta_key>
			<wp:meta_value><![CDATA[unsynced]]></wp:meta_value>
		</wp:postmeta>
	</item>
</channel>
</rss>
