{
    "$schema": "https://playground.wordpress.net/blueprint-schema.json",
    "login": true,
    "siteOptions": {
        "blogname": "MTB-Niederneukirchen"
    },
    "steps": [
        {
            "step": "setSiteLanguage",
            "language": "de_DE"
        },
        {
            "step": "installPlugin",
            "pluginData": {
                "resource": "bundled",
                "path": "/blueprintcreator-1765655985.zip"
            },
            "options": {
                "activate": true
            }
        },
        {
            "step": "installPlugin",
            "pluginData": {
                "resource": "bundled",
                "path": "/custom-post-type-ui-1765655985.zip"
            },
            "options": {
                "activate": true
            }
        },
        {
            "step": "installPlugin",
            "pluginData": {
                "resource": "bundled",
                "path": "/events-manager-1765655985.zip"
            },
            "options": {
                "activate": true
            }
        },
        {
            "step": "installPlugin",
            "pluginData": {
                "resource": "wordpress.org/plugins",
                "slug": "leaflet-map"
            },
            "options": {
                "activate": true
            }
        },
        {
            "step": "installPlugin",
            "pluginData": {
                "resource": "bundled",
                "path": "/gallery-block-lightbox-1765655986.zip"
            },
            "options": {
                "activate": true
            }
        },
        {
            "step": "installPlugin",
            "pluginData": {
                "resource": "bundled",
                "path": "/meinfesterpost-1765655986.zip"
            },
            "options": {
                "activate": true
            }
        },
        {
            "step": "importWxr",
            "file": {
                "resource": "bundled",
                "path": "/export-1765655983.xml"
            }
        },
        {
            "step": "importWxr",
            "file": {
                "resource": "bundled",
                "path": "/export-1765655983.xml"
            }
        }
    ]
}