{
    "$schema": "https://playground.wordpress.net/blueprint-schema.json",
    "login": true,
    "siteOptions": {
        "blogname": "My WordPress Website"
    },
    "steps": [
        {
            "step": "setSiteLanguage",
            "language": "de_AT"
        },
        {
            "step": "installPlugin",
            "pluginData": {
                "resource": "bundled",
                "path": "/blueprintcreator-1765271674.zip"
            },
            "options": {
                "activate": true
            }
        },
        {
            "step": "importWxr",
            "file": {
                "resource": "bundled",
                "path": "/export-1765271658.xml"
            }
        },
        {
            "step": "importWxr",
            "file": {
                "resource": "bundled",
                "path": "/export-1765271658.xml"
            }
        }
    ]
}